Date,7,8,9,10,11,12,13,14,15,16,17,18,19,20,21,22,23,24,25,26,27,28,29,30,31,32,33,34
2004-03-31,17.40950962702255,17.438452792662943,17.464010440278955,17.487309292590542,17.509084230793206,17.52981470242947,17.549813641890903,17.56928543523145,17.58836370583249,17.60713594584514,17.625659572762316,17.643972396272385,17.662099441331545,17.68005739595682,17.697857510640695,17.715507488420997,17.73301271698696,17.75037707187692,17.76760344008246,17.784694061393154,17.801650750931334,17.818475044237807,17.835168291870517,17.851731721091934,17.868166476102367,17.88447364428777,17.900654273350654,17.916709382497775
2004-06-30,14.984951807710413,15.032607073158271,15.076761512893878,15.11853238078966,15.15864877019591,15.1975867373704,15.23565738471179,15.273064279803856,15.309940885331743,15.346374958644125,15.382424457191485,15.418127906882157,15.453511160968887,15.488591806022814,15.523382034109167,15.557890515122399,15.592123617352867,15.62608620318354,15.659782147825513,15.693214677509927,15.726386589988241,15.759300398312273,15.791958424602148,15.824362861212428,15.856515810645721,15.888419311612028,15.920075356056588,15.951485900300009
2004-09-30,14.051404713319815,14.1042190580368,14.154216237530253,14.202256279372635,14.248900747331852,14.294516637710224,14.339344106519484,14.38354061898852,14.427209729448586,14.470419842190802,14.513216441199202,14.555630062425902,14.597681490748089,14.639385147772261,14.680751300301953,14.721787500028551,14.762499522077524,14.802891976872116,14.842968709041411,14.882733057508188,14.922188025083374,14.961336389069968,15.000180773412328,15.03872369577754,15.076967598295354,15.114914867645208,15.152567848198537,15.189928850633645
2004-11-30,13.646905453813423,13.697238486823782,13.746729164858856,13.795541415275295,13.843783100352159,13.891525527338525,13.938816166568362,13.985686942103856,14.032159636233338,14.078249412571273,14.123967112727058,14.169320753497189,14.21431650290047,14.258959316485164,14.303253352176462,14.347202240760135,14.390809262259026,14.434077460963266,14.477009720470157,14.519608812655036,14.56187742964806,14.603818204732601,14.645433726021535,14.68672654542523,14.727699184549923,14.76835413859467,14.80869387894326,14.84872085490497
2005-03-31,14.325147269640272,14.367900044549483,14.41067753395456,14.45335555109602,14.495854038212347,14.538121697054498,14.580125970001863,14.621846509085302,14.663270918678883,14.704391980332275,14.74520584376877,14.785710847699292,14.825906751195408,14.865794232693906,14.905374563462491,14.944649394791416,14.983620619319499,15.02229028068587,15.060660514683525,15.098733510947667,15.136511488029706,15.17399667719662,15.211191311917771,15.24809762105885,15.284717824492018,15.32105413028074,15.357108732890747,15.392883812069583
2005-06-29,12.350602995066039,12.412158747370881,12.472376961466153,12.531567500454061,12.589933563123932,12.64760880741827,12.704681550255017,12.76121054278715,12.817235253924867,12.872782573947111,12.927871184468884,12.982514407170592,13.03672206087434,13.090501672188793,13.143859264762936,13.196799873846205,13.249327881783014,13.301447236778898,13.353161595574164,13.404474416514457,13.455389020285967,13.505908629571602,13.556036394965835,13.605775411931464,13.655128731916353,13.704099369662735,13.752690308034083,13.800904501223245
2005-08-31,13.371768839108006,13.432650893354811,13.489679000839825,13.544060384895527,13.596583043001296,13.647761682941915,13.697932854572024,13.747316963615916,13.796058696791613,13.844253373880278,13.891964125964275,13.939233093500574,13.986088726091534,14.03255054106073,14.07863222549436,14.124343658433752,14.169692229144063,14.214683696514319,14.25932274933333,14.303613371574533,14.347559080571141,14.391163082331625,14.434428372840847,14.477357804150328,14.51995412751511,14.562220021567502,14.604158110736396,14.645770977307503
2005-11-02,14.389053570229771,14.446169998947907,14.498026905740954,14.546341894945702,14.592235503863536,14.63643905167237,14.679430130374339,14.721520927609106,14.762915801878638,14.80374881427822,14.844108194433865,14.884052289213713,14.92361995929757,14.962837356459946,15.001722341541063,15.040287364447893,15.07854134159521,15.116490879805424,15.15414107418279,15.191496028273061,15.2285591931884,15.26533358872045,15.30182194752442,15.338026809154936,15.373950581411327,15.409595580372471,15.444964056539623,15.480058211923051
2006-02-01,12.922031492182168,12.981163920694797,13.038278918879318,13.093934851140187,13.148496815741009,13.20220391749804,13.255213121035425,13.307627837562851,13.359516559862758,13.410925009983053,13.461884058043417,13.51241488434827,13.562532344487941,13.612247163017548,13.661567363517992,13.710499200875283,13.759047769069422,13.807217397436588,13.855011909042467,13.902434789169241,13.949489295207712,13.996178528352592,14.042505480397905,14.088473064300363,14.134084134161103,14.179341498309086,14.224247927887214,14.268806162506362
2006-03-01,12.241765168398363,12.308542087684096,12.372417112208351,12.434242737661208,12.494575905069919,12.553780882158572,12.61209632890369,12.669679015767917,12.726632322466708,12.78302481558939,12.83890235890223,12.894296007787123,12.94922715547564,13.003710887804724,13.057758170157225,13.111377273135817,13.164574701987984,13.217355802539654,13.269725156253344,13.32168683782197,13.373244583152953,13.424401898937782,13.475162134142249,13.52552852667332,13.575504233863882,13.625092352408286,13.67429593142069,13.723117981009853
2006-05-03,12.505316242605183,12.565022368603477,12.623631626329313,12.681373221247066,12.738397749448723,12.794804554598745,12.850659561232735,12.906006899856868,12.96087648509523,13.015288955741715,13.069258895110693,13.122796930362007,13.175911101060137,13.228607751367022,13.280892111704462,13.332768677989893,13.384241458915405,13.435314137207314,13.485990174811569,13.536272881525463,13.58616545980052,13.635671034011548,13.68479266959911,13.733533385610306,13.781896162935576,13.829883949739411,13.877499665061363,13.924746201223844
2006-05-31,16.50683227126476,16.536403673461574,16.564802340200814,16.592365811381953,16.619314668137573,16.6457932451989,16.67189617018165,16.697685663837234,16.723202817635276,16.748474945336596,16.773520375310042,16.798351574541556,16.822977185119797,16.847403351795403,16.87163458741073,16.895674337080017,16.919525345993176,16.943189899207034,16.966669977988573,16.98996736176049,17.01308369458622,17.03602052853901,17.058779352002063,17.081361608145528,17.103768706999745,17.126002033353917,17.148062951933216,17.1699528108016
2006-08-02,14.982485987041875,15.029451342700739,15.073168053748454,15.114665489697186,15.154615455261327,15.193456662554489,15.2314758710822,15.268860780681672,15.30573451099712,15.342178077732015,15.378245044335458,15.413971073072418,15.449380151144595,15.484488649369371,15.51930796796362,15.553846261300345,15.588109562273104,15.622102515281195,15.655828854085323,15.689291713351125,15.722493831778145,15.755437684556043,15.788125569750893,15.820559664659472,15.85274206258618,15.884674796857725,15.916359856518131,15.947799196600085
2006-11-01,11.908322122629988,11.969142096807296,12.030080114844143,12.090930011789808,12.151558674269573,12.211880599266568,12.271841309779852,12.331406544031891,12.39055520829089,12.449274783087837,12.507558328732404,12.565402533366456,12.622806440618128,12.679770620267938,12.736296627701496,12.792386651613551,12.848043284427291,12.903269372707701,12.958067919720293,13.012442021981386,13.066394827965992,13.119929511259093,13.17304925312163,13.225757231193148,13.278056612194243,13.329950547235837,13.381442168827268,13.43253458899127
2007-01-31,11.643902254651723,11.711195912827602,11.777017433108512,11.841709093239174,11.905495334186897,11.968523772186709,12.03089193342634,12.092664681718643,12.153885579192128,12.21458429208499,12.274781418452097,12.334491635288497,12.39372575012696,12.452492038492164,12.510797115824241,12.568646505935307,12.626045011643768,12.682996956453277,12.739506342168745,12.7955769517135,12.851212416224051,12.906416258857881,12.961191923420547,13.015542793096387,13.0694722027275,13.122983446886485,13.176079785206724,13.228764445924416
2007-02-28,11.047565368525667,11.123099207636903,11.195837920936242,11.26657237182274,11.335819514618201,11.403917739022893,11.471089022585588,11.537479446245445,11.603185605364654,11.668271826425205,11.732781390194479,11.796743847874813,11.860179790377885,11.92310395736176,11.985527264005018,12.047458122283286,12.108903302351045,12.169868494130277,12.230358673471741,12.290378340922018,12.349931677445209,12.40902264600911,12.46765505788137,12.52583261592049,12.58355894286981,12.64083759987483,12.697672098626775,12.754065909350773
2007-05-02,11.047565368525667,11.123099207636903,11.195837920936242,11.26657237182274,11.335819514618201,11.403917739022893,11.471089022585588,11.537479446245445,11.603185605364654,11.668271826425205,11.732781390194479,11.796743847874813,11.860179790377885,11.92310395736176,11.985527264005018,12.047458122283286,12.108903302351045,12.169868494130277,12.230358673471741,12.290378340922018,12.349931677445209,12.40902264600911,12.46765505788137,12.52583261592049,12.58355894286981,12.64083759987483,12.697672098626775,12.754065909350773
2007-07-05,15.82997093832385,15.863234758496427,15.895838656045516,15.927927704571923,15.959597129899858,15.99090965839249,16.02190682587331,16.052616349634953,16.0830569340845,16.113241403447834,16.143178743930285,16.172875434982007,16.202336317150312,16.231565157845708,16.260565020186043,16.289338503472464,16.317887899985493,16.346215297232195,16.374322644634216,16.402211797035484,16.429884543099067,16.457342623853375,16.484587744816768,16.511621583935806,16.538445796794267,16.565062020042795,16.591471873668358,16.61767696250715
2007-08-01,22.173426706503264,22.130656824380434,22.09716474194409,22.06976410443926,22.04637747897454,22.025650310434422,22.006699270110843,21.988948211191445,21.972021232708574,21.955672970897442,21.93974315806172,21.924127000748896,21.908755870091593,21.893584714361705,21.8785838535473,21.8637336304478,21.849020923853704,21.834436875567324,21.819975408692674,21.805632261731766,21.79140435892079,21.777289399751833,21.763285591375674,21.749391474144872,21.73560580787257,21.721927497670293,21.708355545586326,21.694889019062913
2007-10-04,18.676323924120577,18.6902077961801,18.702646286846612,18.714116306748593,18.724928944240244,18.735287191192167,18.74532357283272,18.755124677601717,18.764747147488322,18.77422810169725,18.783591931557208,18.79285472994352,18.802027178706574,18.81111643091731,18.820127337861923,18.82906324889683,18.83792653286307,18.846718917993027,18.855441713497264,18.86409595402185,18.872682493827014,18.881202068190497,18.889655333445468,18.898042893090853,18.90636531482257,18.91462314164626,18.922816899131874,18.930947100153098
2007-10-31,19.14680063264447,19.16902414651598,19.185564524991815,19.19838430566201,19.208762935348258,19.217534572140572,19.225243101904162,19.232243189213847,19.238766149640387,19.244962890059647,19.250931900246794,19.256737499821185,19.26242173292665,19.26801212204807,19.2735267225146,19.27897741739593,19.28437206535991,19.289715900807693,19.29501244658944,19.3002641089849,19.305472565561264,19.310639018013422,19.315764356990066,19.320849269545675,19.325894309191934,19.33089994156868,19.33586657422188,19.340794576021334
2008-04-03,23.67931432385137,23.663924011971773,23.64400318491939,23.621205705816266,23.596609087417264,23.570915140394142,23.544580770306663,23.51790324045593,23.491075752319603,23.46422367684885,23.43742817260328,23.41074158171844,23.38419746607253,23.357817149549028,23.331613982721272,23.305596122847756,23.279768346040317,23.25413322853311,23.22869191668629,23.203444628897593,23.178390982752415,23.153530208252032,23.128861286779557,23.10438304165666,23.080094197143925,23.055993416870688,23.032079328855826,23.008350541787745
2008-04-30,20.623630751207408,20.615180739357463,20.607977696114542,20.601600655990875,20.595775101486076,20.59032198123826,20.585124476375952,20.58010633642591,20.57521775709109,20.57042617436293,20.565710263454577,20.56105602686734,20.556454244304742,20.551898810336976,20.54738565076508,20.542912016223344,20.53847602169279,20.53407634631727,20.52971203771639,20.525382384417043,20.521086832689612,20.516824932330348,20.51259630131302,20.508400602740966,20.504237529817427,20.500106796042864,20.496008128819625,20.49194126527779
2008-07-02,24.588505752491006,24.527994204782058,24.47655598894839,24.431125401856182,24.38970327648659,24.35098569648573,24.314121965516545,24.27855683420272,24.24392765224163,24.20999732469976,24.176610608054034,24.143665620761308,24.111095271753758,24.078855154153185,24.04691565348112,24.015256803181206,23.98386493103801,23.952730473031394,23.921846548209853,23.891208029651118,23.8608109388085,23.830652050663623,23.800728636298313,23.771038295046406,23.74157884504057,23.712348251825457,23.683344581785512,23.6545659717491
2008-09-04,22.710305611595267,22.661930912005673,22.623379603653582,22.591286293750787,22.563456755027964,22.538460213545456,22.515363572490173,22.49355816007396,22.472646791307177,22.45237014670155,22.432558780580216,22.413101836612352,22.393926654320627,22.374985475109547,22.356246776273167,22.337689621853343,22.319299980098727,22.301068322895937,22.282988060882786,22.265054523319407,22.24726429307204,22.229614773084986,22.212103903753412,22.19472997866437,22.177491524461473,22.160387222510185,22.143415857811895,22.12657628568092
2008-10-02,40.913776268751846,40.68104409623219,40.4746127804132,40.285750499987074,40.10876193560737,39.93993120416557,39.776832787000586,39.617882343066846,39.46204389640175,39.308638959628766,39.157222106713796,39.007499862133486,38.859277826802966,38.71242621075915,38.56685736469478,38.42251113320934,38.27934530681982,38.13732939771204,37.99644058214685,37.85666105524954,37.7179763064936,37.580373995360986,37.44384321824187,37.308374030373855,37.173957134035724,37.04058367511906,36.90824511034979,36.77693312056576
2008-12-01,63.805818743136555,63.39792862624668,63.01688826349316,62.65424324927426,62.304475471486846,61.96398095933147,61.63040357045695,61.30220063982512,60.97835983793934,60.65821459823303,60.341323798941055,60.027393330675224,59.71622496812252,59.40768304054046,59.101672704794005,58.79812578176781,58.496991523134426,58.198230592086745,57.90181113916681,57.60770624383228,57.31589224631216,57.026347659819855,56.73905246108802,56.45398762752357,56.17113483513028,55.89047626123422,55.61199445552978,55.335672255664974
2009-04-01,41.049540665652636,40.88804902173275,40.72713865353639,40.567038568096635,40.407894704318586,40.24979887724602,40.09280764581863,39.936954612035954,39.782258438240625,39.62872807316476,39.47636615844865,39.3251712490617,39.175139260540895,39.026264412214765,38.87853984187576,38.73195800628062,38.58651094203938,38.44219043549706,38.29898813329172,38.15689561424247,38.01590443603098,37.87600616545296,37.7371923979608,37.59945477022673,37.46278496815764,37.32717473194637,37.19261585919238,37.05910020676538
2009-06-03,30.194703486514967,30.10777945179994,30.024197112535035,29.94300183415766,29.863569699009606,29.78549238708175,29.70850213289261,29.632422806878978,29.557138026626298,29.482570369376305,29.408667821147574,29.335394943202537,29.262727113621438,29.19064677345331,29.119140979595336,29.048199809492633,28.977815321116672,28.907980874915005,28.83869069172066,28.769939564477724,28.701722670236105,28.63403544750962,28.56687351624329,28.500232625557057,28.434108619596802,28.36849741518973,28.303394987195265,28.238797358873136
2009-07-01,26.284411093811872,26.24372265256392,26.200475564970187,26.15569022417828,26.110030790724107,26.063929214856767,26.017666083164414,25.97142332016949,25.92531854296577,25.87942745598678,25.833798449470674,25.78846211573322,25.743437452502466,25.69873590664195,25.65436401008404,25.610325098064855,25.566620429137657,25.52324991522282,25.480212597451953,25.437506956302776,25.39513111371319,25.353082964780008,25.311360263556345,25.269960678927607,25.22888183098294,25.18812131467265,25.14767671517812,25.107545617879705
2009-09-02,27.25114278576254,27.172187496791963,27.101682758970732,27.03683428531684,26.97581941403081,26.917448867477184,26.86094626225198,26.80580437789167,26.75169146239514,26.69839015534568,26.645757673535066,26.593699857018837,26.542154250399697,26.491079073924,26.440446033983278,26.390235636417067,26.340434131322382,26.291031521397333,26.242020263573338,26.193394422583303,26.145149119134718,26.097280170127902,26.049783854063634,26.002656758058674,25.95589567805968,25.90949755373612,25.863459425979926,25.817778409142285
2009-10-01,26.60420674734069,26.52325520256417,26.45321074297279,26.390410235860216,26.332464749076642,26.277815974242547,26.225447071380408,26.174694176552105,26.125123528895976,26.076451373116456,26.028491746095863,25.981122440386336,25.93426281670219,25.8878593404449,25.84187615330944,25.796288927119836,25.751080857258685,25.706240050838552,25.66175782406707,25.617627592290468,25.573844146387984,25.530403181018077,25.48730098704023,25.444534250958633,25.40209992413087,25.359995137454888,25.31821714570241,25.27676329117842
2009-11-30,23.43788447855181,23.39560976984151,23.359023819136095,23.326216206791923,23.29594104097321,23.2673856211513,23.240019636274678,23.21349686123965,23.187591075535693,23.16215429037003,23.137089518066364,23.11233302116584,23.08784274108105,23.063590755028248,23.03955835888163,23.015732861793154,22.992105496664585,22.96867005801273,22.945422014002133,22.922357927574552,22.899475079070168,22.876771220195913,22.854244413615472,22.831892928353923,22.80971517158659,22.787709644145963,22.76587491149,22.744209584749445
2010-03-03,23.936776993377205,23.91236101567655,23.885931684040433,23.85827141244076,23.829889602730866,23.801117692696014,23.77217111518231,23.743189687482936,23.714263940012472,23.685452279196507,23.65679217544274,23.628307456230004,23.600013060232886,23.571918136366655,23.54402806393233,23.516345769457367,23.488872585072126,23.46160880802664,23.434554065389346,23.407707551749674,23.381068184135643,23.354634702966518,23.32840573782748,23.302379850313034,23.27655556192238,23.250931372210886,23.225505770590022,23.200277243987117
2010-03-31,23.936776993377205,23.91236101567655,23.885931684040433,23.85827141244076,23.829889602730866,23.801117692696014,23.77217111518231,23.743189687482936,23.714263940012472,23.685452279196507,23.65679217544274,23.628307456230004,23.600013060232886,23.571918136366655,23.54402806393233,23.516345769457367,23.488872585072126,23.46160880802664,23.434554065389346,23.407707551749674,23.381068184135643,23.354634702966518,23.32840573782748,23.302379850313034,23.27655556192238,23.250931372210886,23.225505770590022,23.200277243987117
2010-06-02,30.663363772343878,30.611739270709553,30.549629101100855,30.480904249577534,30.408086393170798,30.332817645340775,30.25616676980473,30.17882879266885,30.101255123895136,30.023738379747442,29.946467676072984,29.869564672347813,29.793107067684264,29.717143917123973,29.64170561580446,29.566810407262352,29.49246862591916,29.418685462544786,29.345462766892215,29.272800222691732,29.200696113504623,29.12914782187028,29.05815215459547,28.987705554711244,28.917804239552336,28.84844429067857,28.77962171240413,28.71133246986382
2010-06-30,31.6642066280735,31.53159429740277,31.41461701283128,31.308068484775006,31.20855304341555,31.113855325568434,31.02252939106392,30.93363087909328,30.84654240831044,30.76085975993177,30.676317683573856,30.592741532047327,30.510015733325805,30.42806323819942,30.346832122671096,30.26628685433036,30.186402599044577,30.107161509548853,30.02855030598107,29.950558698600656,29.87317835950408,29.796402252216804,29.720224194575618,29.644638573687217,29.56964016002175,29.495223986130497,29.421385267490873,29.348119350813814
2010-09-01,24.318808138698603,24.30156191917325,24.278719648910858,24.252319404018372,24.223689052069652,24.193693500957014,24.16289587346331,24.13166257241792,24.10023176969337,24.06875805222653,24.037341525471042,24.006046785083992,23.97491528399807,23.94397339413047,23.91323766154617,23.882718232112847,23.85242108455082,23.822349486057362,23.792504941149346,23.762887810149348,23.73349771232187,23.70433378862927,23.67539487297801,23.64667960381258,23.618186496824023,23.58991399231044,23.561860486014098,23.534024349187707
2010-09-30,23.08325435761287,23.049992526419985,23.02016910169958,22.99265019498005,22.966696166720936,22.941824381031868,22.917719739281388,22.894176359428602,22.871059558380967,22.848281069327463,22.825782886582438,22.803526734462643,22.78148720231455,22.759647269402702,22.737995387681917,22.716523580110614,22.69522620096723,22.674099127708143,22.65313923413565,22.63234404694434,22.61171152180686,22.59123989738436,22.570927600133967,22.550773182229708,22.5307752810693,22.5109325928524,22.491243855331827,22.4717078365446
2010-11-03,19.96780378120159,19.97928476917505,19.986689763941985,19.991438346265397,19.994455896400396,19.99634563914425,19.997500795194355,19.998177689482816,19.99854340845555,19.99870686651994,19.99873905739322,19.998686255390083,19.998578620972697,19.998435810467925,19.998270632884875,19.998091433691766,19.997903648733143,19.997710817184824,19.997515241870637,19.99731841970419,19.99712132228156,19.996924578791585,19.996728595249696,19.996533632222885,19.99633985549619,19.996147369100495,19.995956236842208,19.995766496337602
2010-11-30,22.28687434349001,22.24366211616856,22.209578911346178,22.181492515142587,22.15736076938978,22.135852095520114,22.11609812467663,22.09753244417645,22.079785480817453,22.062615978223715,22.045866328822008,22.029433455985494,22.013249832896868,21.99727110925565,21.981468045454505,21.965821254674378,21.950317775383525,21.934948837025832,21.91970840351605,21.904592223765732,21.889597212728475,21.874721047901602,21.859961906278027,21.845318292853804,21.83078892881842,21.816372678650737,21.80206850257659,21.787875425559072
2011-03-03,18.940991579591866,18.9582191056682,18.972096959630363,18.983770728271374,18.99398734674589,19.00323387911672,19.011827985522793,19.01997689520623,19.027815849389434,19.035433161121226,19.042886551099247,19.05021379654507,19.0574396729173,19.064580479029345,19.071646986856152,19.0786463644397,19.085583429386148,19.09246146599439,19.09928275792801,19.106048935457896,19.112761201828572,19.119420480828587,19.126027512995968,19.13258291834026,19.139087237237565,19.145540957097154,19.151944529752853,19.15829838280813
2011-06-01,17.910112820247566,17.911071077301187,17.91725196572296,17.926794264070654,17.938485028099944,17.95153390475858,17.96542601380877,17.979826045489716,17.99451574448474,18.009353157486807,18.024246067845283,18.039134678374154,18.053980322777985,18.068758106965124,18.083452112144357,18.09805226787646,18.112552313722478,18.126948470517657,18.14123857423036,18.155421511367052,18.169496850946587,18.18346460461241,18.19732507027412,18.21107873019937,18.224726184600286,18.2382681083576,18.251705222827542,18.265038277480542
2011-08-03,22.78523718481484,22.758039122339795,22.732925846011,22.709228828720548,22.686511832514284,22.664490045684243,22.642977370473183,22.621852061376416,22.601034325685134,22.58047172188078,22.560129641230674,22.53998510298066,22.520022709589202,22.500232010032317,22.480605780990675,22.461138906378682,22.44182764691612,22.422669163957835,22.403661209067323,22.384801921634317,22.36608969692342,22.347523100034984,22.329100809795015,22.310821582155256,22.292684226311486,22.274687589112716,22.256830544875147,22.239111988719518
2011-08-31,32.222322871238994,32.1540943422398,32.077081513477836,31.994594701350408,31.908789852828058,31.821070428887616,31.732349380969186,31.643219925987744,31.554066869673076,31.465139175028,31.376597267563508,31.288543872145965,31.201044114563526,31.114138625063948,31.027852080074116,30.942198770198583,30.8571862297334,30.77281760253681,30.689093184167128,30.60601142705304,30.523569595630658,30.441764193304394,30.36059124066705,30.280046456760708,30.200125377133475,30.120823430695946,30.042135989721203,29.964058402338548
2011-11-02,30.99256936184679,30.890260430958804,30.794614917272234,30.703537573106335,30.61566082472601,30.53009146219067,30.446245513443895,30.363740603245105,30.282325784863456,30.20183579921857,30.122161257591777,30.04322920446853,29.964990446898973,29.887411294763222,29.81046817638298,29.734144128491693,29.658426508047484,29.58330550053193,29.508773147456466,29.434822712326433,29.361448267236987,29.288644423293427,29.216406154787375,29.144728684490524,29.07360740878987,29.003037848795255,28.933015618378207,28.863536403248514
2012-02-01,18.862061326248693,18.87707999086384,18.889748110814864,18.900861664257462,18.910939700084402,18.920320743402897,18.929225639580494,18.937798520531985,18.946133509506776,18.954292129203345,18.962314649642465,18.9702274855385,18.978048018448884,18.98578774020837,18.99345430205573,19.001052850411856,19.00858689764577,19.01605888971219,19.023470576188064,19.03082325149843,19.03811791217415,19.04535535937308,19.052536265719905,19.05966121888632,19.066730750008727,19.073745352221923,19.080705492749594,19.087611620794593
2012-02-29,19.244319036706813,19.253587012168087,19.26151927586867,19.26856616758072,19.275021364861544,19.281076420669283,19.286856314916673,19.292442629541817,19.297888655695644,19.30322924170172,19.308487212672574,19.313677555284656,19.318810145722672,19.3238915279567,19.328926072957735,19.33391673436428,19.33886554108657,19.343773918427782,19.34864289742019,19.353473251291724,19.35826558443084,19.36302039038629,19.367738089681605,19.372419054471273,19.37706362461935,19.381672118186554,19.386244838272347,19.39078207748091
2012-05-02,19.244319036706813,19.253587012168087,19.26151927586867,19.26856616758072,19.275021364861544,19.281076420669283,19.286856314916673,19.292442629541817,19.297888655695644,19.30322924170172,19.308487212672574,19.313677555284656,19.318810145722672,19.3238915279567,19.328926072957735,19.33391673436428,19.33886554108657,19.343773918427782,19.34864289742019,19.353473251291724,19.35826558443084,19.36302039038629,19.367738089681605,19.372419054471273,19.37706362461935,19.381672118186554,19.386244838272347,19.39078207748091
2012-07-05,17.99736988222371,18.018395762765117,18.03726707946289,18.054693850929176,18.07113922891859,18.086905437175886,18.102189792586834,18.117121223818813,18.131784076820033,18.146233632977165,18.160506224986573,18.174625831125894,18.188608373893135,18.202464522187007,18.216201517987468,18.22982436713511,18.2433366155842,18.256740855437496,18.270039054833152,18.283232773005675,18.29632330049487,18.30931175056072,18.322199118790703,18.334986321972455,18.347674223450007,18.360263649668905,18.37275540097748,18.385150258683737
2012-08-01,18.687417659596573,18.690967968021734,18.69672047120363,18.703881867540368,18.7119352325604,18.720543802714516,18.729488254732157,18.738625819799616,18.747863631248087,18.757141350668757,18.76641984237499,18.77567379061281,18.784886886938672,18.794048693017327,18.80315259557915,18.812194473325565,18.821171827933455,18.830083217592637,18.838927887756086,18.847705530447566,18.85641612737214,18.865059847655342,18.87363698119319,18.882147895215784,18.89059300598315,18.89897276034524,18.907287623732078,18.91553807233538
2012-10-02,16.608570611834857,16.633549056461327,16.65871471619227,16.68393354697868,16.709118703195944,16.734214102413144,16.75918371175769,16.784004564027825,16.808662205123206,16.833147726383526,16.857455830084145,16.881583568417643,16.905529521501773,16.92929326157623,16.95287500375766,16.976275378406527,16.999495282769132,17.022535784296668,17.045398057650836,17.068083343668572,17.09059292264109,17.11292809692378,17.13509017962845,17.157080487280197,17.178900335058565,17.20055103372303,17.222033887636314,17.243350193503073
2012-10-31,16.608570611834857,16.633549056461327,16.65871471619227,16.68393354697868,16.709118703195944,16.734214102413144,16.75918371175769,16.784004564027825,16.808662205123206,16.833147726383526,16.857455830084145,16.881583568417643,16.905529521501773,16.92929326157623,16.95287500375766,16.976275378406527,16.999495282769132,17.022535784296668,17.045398057650836,17.068083343668572,17.09059292264109,17.11292809692378,17.13509017962845,17.157080487280197,17.178900335058565,17.20055103372303,17.222033887636314,17.243350193503073
2013-04-04,14.072088119205462,14.116003351959202,14.160212618720191,14.204492749525137,14.248699202742964,14.292738685092466,14.336551303453582,14.380098930188007,14.423357618872402,14.466312660381904,14.508955360143766,14.551280937373244,14.59328715569794,14.634973430553407,14.676340247372204,14.717388782370092,14.758120655399244,14.79853776889184,14.838642202923186,14.878436146857165,14.91792185483832,14.957101616828469,14.995977739775999,15.034552535389977,15.07282831221938,15.110807370538314,15.148491999060026,15.185884472842668
2013-05-01,14.6996011352297,14.737054517035654,14.775407901438317,14.81423990656817,14.85327668319967,14.892340548017572,14.931316499129672,14.970130388515658,15.008734693306332,15.047099240527526,15.085205160868792,15.12304094736268,15.16059988619601,15.197878381975265,15.23487486606123,15.271589084989833,15.308021636660161,15.344173668034635,15.380046678124067,15.415642389604647,15.450962665173806,15.486009453069759,15.52078475160167,15.555290586071996,15.589528993776568,15.623502014270018,15.657211683063174,15.690660027557335
2013-07-03,16.7902426885036,16.82321844392909,16.8530449840659,16.88075405187842,16.90701871250334,16.932278215146777,16.956819387094328,16.980829692220578,17.004431818377718,17.02770622397663,17.050705835501933,17.073465628440097,17.096008872847353,17.118351204689304,17.140503279861683,17.162472504300347,17.184264161819467,17.205882149345324,17.227329456222098,17.248608476685103,17.269721213580357,17.290669411190446,17.31145464184657,17.332078362414887,17.352541951144538,17.37284673171381,17.392993988930925,17.41298497899449
2013-07-31,13.819867834340887,13.868001975437025,13.91560947338159,13.962747834595637,14.009455521489427,14.055758574651298,14.101674929726109,14.147217231525786,14.19239466852706,14.23721416878653,14.281681179581113,14.32580017569026,14.369574990786873,14.413009033517335,14.456105428413123,14.498867107801829,14.541296871775636,14.583397427336923,14.625171413969598,14.666621420361336,14.707749995356926,14.74855965515063,14.78905288802646,14.82923215749959,14.869099904415156,14.908658548366969,14.947910488672516,14.98685810505835
2013-10-03,17.012772004726855,17.01839543362319,17.03000320452307,17.045450426197736,17.063339381407054,17.082759411044137,17.103117351909972,17.124027003867646,17.145237076598587,17.1665842201354,17.187962406807163,17.20930297221313,17.230561604518904,17.251709863169506,17.2727296502025,17.293609606278345,17.31434276137988,17.334925003395345,17.355354079856593,17.375628947226073,17.395749346740953,17.41571552794328,17.435528068482366,17.45518775667413,17.474695514969767,17.494052350091874,17.513259320554116,17.532317515512602
2013-12-02,14.20481353868051,14.242154452094695,14.28177084372211,14.322752129665322,14.364505643898498,14.406645955049788,14.448922715161292,14.491173626367596,14.533293781242755,14.57521567668355,14.61689618557225,14.658308064020867,14.699434415233801,14.74026508070693,14.780794287803044,14.8210191163235,14.860938498960206,14.900552569768877,14.939862239507233,14.978868918859723,15.017574338064946,15.055980429384933,15.094089250538861,15.13190293484001,15.16942365873939,15.206653620715956,15.243595027562957,15.280250085495261
2014-04-02,13.97691341316608,14.033773566421582,14.086577783032066,14.136616025945209,14.184730131980073,14.23146980972612,14.2771943302692,14.32213881658929,14.366457455821596,14.410251668177057,14.453588469529205,14.496512441525876,14.539053534624664,14.58123215472742,14.623062479068524,14.664554617802754,14.705716023136594,14.746552407953745,14.787068344693203,14.827267655792529,14.867153668257895,14.906729379661785,14.945997566402452,14.984960854325061,15.02362176480706,15.061982744849,15.100046186738565,15.137814440917287
2014-04-30,14.004373769744351,14.05616250872967,14.105626014323335,14.15345201307299,14.200089758633586,14.245833043529904,14.29087431226052,14.335339936173744,14.379313208228929,14.422849332693927,14.4659851965648,14.508745739335723,14.551148105328052,14.59320435053129,14.63492320717035,14.67631123403053,14.71737356637468,14.758114404845344,14.798537334218052,14.838645531238985,14.878441900159403,14.917929161137245,14.957109907913747,14.995986645460942,15.034561814572317,15.072837807941728,15.110816980693343,15.148501657294016
2014-07-02,11.632292794679158,11.704131010595805,11.772911101408457,11.839527501582435,11.904564587380147,11.968404606560203,12.03129803481017,12.09340943921685,12.154847375458413,12.215683877025597,12.275967159777036,12.335729903759967,12.394994651973319,12.45377732974553,12.51208953899308,12.569940053857449,12.62733579574238,12.68428246898624,12.740784975311275,12.796847684063195,12.852474608443913,12.90766952046331,12.96243602594311,13.016777613479277,13.070697686428195,13.124199583825948,13.177286594092912,13.22996196403474
2014-09-04,12.977243988300962,13.030028713027889,13.082906013755263,13.135700476497792,13.188298863901757,13.240628461214534,13.292642960694229,13.344313260117161,13.39562146464784,13.446556976890871,13.497113948169796,13.5472896171512,13.597083226903901,13.646495319023295,13.69552727355346,13.744181009137442,13.792458787615352,13.840363086708571,13.887896517086924,13.935061768367401,13.981861573972065,14.028298688279285,14.07437587178818,14.120095881506181,14.165461464740979,14.2104753551112,14.255140270003,14.299458908968758
2014-10-02,16.0281592329143,16.053237267244764,16.080033626653275,16.1078691054056,16.136301576333214,16.165043452287193,16.193907881605327,16.222773674478766,16.251562439468184,16.280223679474737,16.30872507625679,16.337046157214303,16.365174166978672,16.39310137625329,16.42082332755744,16.448337691710968,16.475643522443544,16.50274077052993,16.52962996710272,16.556312017246917,16.58278806548382,16.60905940811736,16.635127436128453,16.660993597982472,16.686659375417328,16.712126267692938,16.737395781356213,16.762469423601193
2014-12-01,14.183303893974363,14.221245681902497,14.261307163581145,14.302631574054361,14.344661333569286,14.387033885699251,14.429513797183663,14.471948495766863,14.51423941698725,14.556323195629858,14.598159405013808,14.639722564629842,14.680996930195525,14.721973097490338,14.76264578854276,14.803012408559153,14.843072105277274,14.882825155835981,14.922272567143164,14.961415815416839,15.000256676448922,15.038797115008219,15.077039212794215,15.114985121520691,15.152637032380381,15.18999715618761,15.227067710481233,15.263850911164425
2015-04-01,16.445918440743746,16.493519668006165,16.533696097049283,16.568961594703588,16.600955430264477,16.63074674308284,16.659033016508417,16.6862694575375,16.71275333582076,16.738678961936863,16.76417352622403,16.789320461144193,16.814174670586567,16.838772457456194,16.863137995222413,16.887287546571187,16.9112322134572,16.934979729816266,16.958535630214527,16.981904011688066,17.00508803039448,17.02809022539557,17.0509127297514,17.07355740815556,17.09602594668447,17.118319911330968,17.140440786188968,17.16238999837307
2015-06-03,14.040605948176186,14.088738206229255,14.135748710832132,14.181906761913284,14.227388848338407,14.272310950750043,14.316749598942128,14.360755598629812,14.404362979602558,14.447594828830173,14.490467092956301,14.53299105709197,14.575174960725704,14.617025051143656,14.658546270177816,14.699742701930623,14.740617864686403,14.781174901252111,14.8214167030866,14.86134599126807,14.90096536932515,14.940277357726245,14.979284416412085,15.01798895953352,15.056393365107802,15.094499981361952,15.132311130916191,15.16982911355895
2015-07-01,16.006633413829586,16.035503577115833,16.064800617974928,16.094294697153845,16.123836618655254,16.153329750682932,16.18271172172895,16.211942488802176,16.2409965594773,16.269857921703014,16.298516738722427,16.326967194620455,16.35520608993257,16.38323192619722,16.41104430923674,16.438643560208142,16.466030462093023,16.49320609447617,16.520171725876843,16.546928743596737,16.573478608023812,16.599822822877893,16.62596291584805,16.651900426003795,16.677636895621717,16.703173864890132,16.728512868489602,16.753655433396013
2015-09-02,25.928860349822106,25.896431418898686,25.85946408393381,25.81966100341872,25.778131141426964,25.735596456615273,25.69252663694767,25.64922692943857,25.60589539385056,25.56266022472347,25.519604080506266,25.47677994298297,25.43422145553445,25.391949662308097,25.34997740124041,25.30831216769225,25.26695798111975,25.225916601852347,25.18518832422431,25.14477249354331,25.104667843036502,25.064872713445364,25.025385196122944,24.986203226264855,24.947324643634246,24.908747232097376,24.870468745346827,24.832486923621154
2015-10-01,22.976974056519385,22.968156254821128,22.954364549400445,22.937392857471366,22.9184101000182,22.898177784204663,22.877191839234374,22.85577507515418,22.834137454134535,22.812415379603802,22.79069730770832,22.76904044267925,22.747481620047722,22.72604440108103,22.704743697419907,22.68358878572321,22.6625852728036,22.641736376617892,22.621043761282362,22.60050808136963,22.58012933669451,22.559907103563148,22.53984068549217,22.51992921143286,22.500171699775468,22.480567100046777,22.461114320066695,22.441812243626213
2015-11-30,16.363068081641362,16.389768503667618,16.416705942351584,16.443723982538113,16.470721234530966,16.497632173749963,16.524414650673606,16.551041748954024,16.577496477983644,16.60376831316142,16.62985094062251,16.655740787123715,16.681436061749775,16.706936131261106,16.73224111293281,16.75735160916994,16.78226853454244,16.806993003065696,16.831526254753246,16.855869607769662,16.880024427271245,16.90399210512478,16.927774046717186,16.951371662387256,16.97478636187018,16.998019550705806,17.021072627926745,17.04394698458058
