1993-02-19,,-4.546765711825515,
1993-02-22,,-0.3995246820763647,
1993-02-23,,0.2496900711125818,
1993-02-24,,-0.4095322654504123,
1993-02-25,,-1.031112901712408,
1993-02-26,,-0.7390648821758017,
1993-03-01,,0.22182459748507277,
1993-03-02,,-1.3110381629551533,
1993-03-03,,0.4389292463817078,
1993-03-04,,0.08900855384534268,
1993-03-05,,0.5155531441566872,
1993-03-08,,2.077844334885409,
1993-03-09,,-1.952820219762602,
1993-03-10,,-0.1603157452933992,
1993-03-11,,0.25182578163814284,
1993-03-12,,1.323828839120555,
1993-03-15,,-0.8918384927523029,
1993-03-16,,-0.1737668368819989,
1993-03-17,,-0.029057619809565338,
1993-03-18,,-0.4187971287428436,
1993-03-19,,-1.0161162929023693,
1993-03-22,,0.28035477105379414,
1993-03-23,,-0.8123646821628956,
1993-03-24,,-0.7322302885103831,
1993-03-25,,-0.5755522889304814,
1993-03-26,,-0.11421470496001618,
1993-03-29,,0.19284274460395778,
1993-03-30,,-0.5651422019602812,
1993-03-31,,0.15729308046247326,
1993-04-01,,0.34579625856214236,
1993-04-02,,1.3984513285871625,
1993-04-05,,-0.34737651236098444,
1993-04-06,,0.21176836423374645,
1993-04-07,,-0.5663206425177307,
1993-04-08,,-0.8165164152681719,
1993-04-12,,-1.0048107939362083,
1993-04-13,,-0.43009653850610974,
1993-04-14,,-0.18707240035037564,
1993-04-15,,-1.0233985990342624,
1993-04-16,,0.0939325401862714,
1993-04-19,,0.5244038037175507,
1993-04-20,,-0.2661137764077459,
1993-04-21,,0.07903375814686697,
1993-04-22,,0.4766115227845358,
1993-04-23,,0.6324286859342401,
1993-04-26,,1.9114890164224967,
1993-04-27,,-1.169562520993706,
1993-04-28,,-0.6467994884151729,
1993-04-29,,-0.34681166496561744,
1993-04-30,,-0.47941223868553884,
1993-05-03,,0.3464904696819122,
1993-05-04,,-0.8810256740654836,
1993-05-05,,0.12077599902728053,
1993-05-06,,0.6860678362460444,
1993-05-07,,-0.2822262975332315,
1993-05-10,,0.6813856393124418,
1993-05-11,,-0.3877031165851861,
1993-05-12,,0.21236351035930845,
1993-05-13,,1.1700152534263335,
1993-05-14,,-0.3243878803539637,
1993-05-17,,-0.17438894862789667,
1993-05-18,,0.07066990633927261,
1993-05-19,,0.08508016358656079,
1993-05-20,,-0.3230216006691773,
1993-05-21,,0.49703406392604066,
1993-05-24,,-0.44134582728631777,
1993-05-25,,-0.0810722807031361,
1993-05-26,,-1.2236763863104123,
1993-05-27,,0.09134939034744072,
1993-05-28,,0.18511245853348512,
1993-06-01,,0.07938139795800758,
1993-06-02,,-0.2663910664099678,
1993-06-03,,-0.01350878921955001,
1993-06-04,,-0.7632793698922686,
1993-06-07,,1.0975051089336372,
1993-06-08,,0.5846234014399094,
1993-06-09,,-0.7375395505940574,
1993-06-10,,-0.6318429606131843,
1993-06-11,,-0.6900567316587214,
1993-06-14,,-0.5384425978715743,
1993-06-15,,-0.540826704776892,
1993-06-16,,-0.3387760862578695,
1993-06-17,,-0.4304649383483863,
1993-06-18,,0.3677714432090511,
1993-06-21,,-0.15999459801502702,
1993-06-22,,-0.7118060526817196,
1993-06-23,,0.24777374862662604,
1993-06-24,,0.05902909006173829,
1993-06-25,,-1.0964141446725293,
1993-06-28,,-0.27735333129192696,
1993-06-29,,-0.02562864675381249,
1993-06-30,,-0.2075217944301322,
1993-07-01,,0.0997115524754193,
1993-07-02,,-0.308717279335637,
1993-07-06,,2.4259346052250415,
1993-07-07,,-0.803866653930692,
1993-07-08,,-0.681063336482044,
1993-07-09,,-1.466812478170663,
1993-07-12,,-0.11574674790884387,
1993-07-13,,-0.07345213757547242,
1993-07-14,,-0.43395439165616345,
1993-07-15,,-0.35772038853279575,
1993-07-16,,0.17037910728540595,
1993-07-19,,0.3367457584810847,
1993-07-20,,-0.5074463945955543,
1993-07-21,,0.8326997357628745,
1993-07-22,,-0.34915031995843293,
1993-07-23,,-0.3926395339783948,
1993-07-26,,-0.0810081639546727,
1993-07-27,,-0.08634772110879041,
1993-07-28,,-0.07067714362001176,
1993-07-29,,-0.21641691179126354,
1993-07-30,,0.37957068806962724,
1993-08-02,,-0.34111973327585154,
1993-08-03,,-0.04361305868381038,
1993-08-04,,0.13128199550476793,
1993-08-05,,0.2460594132822358,
1993-08-06,,0.25536948347502,
1993-08-09,,0.04431219944412845,
1993-08-10,,-0.08684693211890959,
1993-08-11,,-0.2634512213923532,
1993-08-12,,0.2561501577325096,
1993-08-13,,-0.24867030133528267,
1993-08-16,,-0.23112792221748002,
1993-08-17,,-0.5023605714118347,
1993-08-18,,-0.1870408394404386,
1993-08-19,,-0.03325360248363296,
1993-08-20,,-0.13929011669673486,
1993-08-23,,0.4155147571824571,
1993-08-24,,-0.43189556327860146,
1993-08-25,,0.23450534041795557,
1993-08-26,,-0.04043551018578917,
1993-08-27,,-0.28624623031628715,
1993-08-30,,-0.24374861574890083,
1993-08-31,,0.008632625965363516,
1993-09-01,,-0.4729796620935325,
1993-09-02,,0.27804094952329805,
1993-09-03,,-0.8224094064022403,
1993-09-07,,1.6222116554516983,
1993-09-08,,0.271632191754307,
1993-09-09,,-0.49826037661806133,
1993-09-10,,-0.9457604436208094,
1993-09-13,,0.3709295057072719,
1993-09-14,,0.8639433972063344,
1993-09-15,,-0.47640404733580155,
1993-09-16,,0.6636377850715096,
1993-09-17,,0.01769756605767725,
1993-09-20,,1.2360965639118948,
1993-09-21,,2.7716316961871765,
1993-09-22,,-3.2722371073335204,
1993-09-23,,-0.1912695999771188,
1993-09-24,,-1.0216305749352301,
1993-09-27,,-0.1519459229299862,
1993-09-28,,-0.5131169542311511,
1993-09-29,,0.24314481171351154,
1993-09-30,,0.18853882502829933,
1993-10-01,,-1.2616846912753843,
1993-10-04,,0.8812773679047883,
1993-10-05,,-0.033303909156805034,
1993-10-06,,-0.34501393492025123,
1993-10-07,,0.38635303281357025,
1993-10-08,,-1.1689916136419978,
1993-10-13,,-0.7573304732936652,
1993-10-14,,-0.589073819636555,
1993-10-15,,-0.37508387914520647,
1993-10-18,,0.2142981315276753,
1993-10-19,,0.08161050560456218,
1993-10-20,,-0.4205619397039708,
1993-10-21,,-0.24251741742622102,
1993-10-22,,0.1353759189617172,
1993-10-25,,0.22429046816664489,
1993-10-26,,-0.08019495458751713,
1993-10-27,,0.120325799658481,
1993-10-28,,-0.18724693090823763,
1993-10-29,,-0.47757871145668673,
1993-11-01,,0.22352612124176474,
1993-11-02,,-0.14559395062170744,
1993-11-03,,1.4398130671450673,
1993-11-04,,1.4169701193031372,
1993-11-05,,0.4555008885133667,
1993-11-08,,-0.4346714879088971,
1993-11-09,,-0.223515381723427,
1993-11-10,,-0.18014479543607642,
1993-11-15,,0.7264538462298464,
1993-11-16,,0.6538483120872307,
1993-11-17,,0.5390200835516659,
1993-11-18,,-0.8014900819412798,
1993-11-19,,0.4434280201786045,
1993-11-22,,0.866036181946976,
1993-11-23,,-1.5636336400428945,
1993-11-24,,-0.7483419696638638,
1993-11-26,,0.0999271600754259,
1993-11-29,,0.1809718066210877,
1993-11-30,,-0.46815193605528727,
1993-12-01,,-0.027074631586332387,
1993-12-02,,-0.4335433454427289,
1993-12-03,,-0.934549503086787,
1993-12-06,,-0.02314598842166582,
1993-12-07,,-0.6299469650835832,
1993-12-08,,-0.13440373042670473,
1993-12-09,,-0.2220226297576211,
1993-12-10,,0.004283103734104898,
1993-12-13,,-1.7623617305047237,
1993-12-14,,-0.05744894183197147,
1993-12-15,,-0.3887680344133564,
1993-12-16,,-0.3662643994730477,
1993-12-17,,-0.04476811800568825,
1993-12-20,,-0.5281589294812488,
1993-12-21,,-0.8534512990219962,
1993-12-22,,-0.9976323353886585,
1993-12-23,,-0.11995963957760836,
1993-12-27,,-0.07500671556696048,
1993-12-28,,-0.11162685553764362,
1993-12-29,,0.4519117068521208,
1993-12-30,,0.09927242846083573,
1993-12-31,,0.9001578629071396,
1994-01-03,,0.899312555983359,
1994-01-04,,-0.5711799423436901,
1994-01-05,,-0.8945079363479387,
1994-01-06,,0.270376996077367,
1994-01-07,,-0.42031138161617676,
1994-01-10,,-0.31626031836433377,
1994-01-11,,0.41775801608170227,
1994-01-12,,0.2515302187751267,
1994-01-13,,0.382736782151321,
1994-01-14,,-0.9409273300381074,
1994-01-19,,0.5606593214401006,
1994-01-20,,-0.690409442098936,
1994-01-21,,-0.14573745194048016,
1994-01-24,,0.3815186941428106,
1994-01-25,,-0.31474249360619666,
1994-01-26,,-0.28130627780308437,
1994-01-27,,-0.9751835925649992,
1994-01-28,,-0.5238125561101104,
1994-01-31,,0.45987541129681375,
1994-02-01,,-0.16766259931979555,
1994-02-02,,-0.16106832952570826,
1994-02-03,,0.01758572456899188,
1994-02-04,,4.386924965911394,
1994-02-07,,-1.1428418819029247,
1994-02-08,,0.04250707237665807,
1994-02-09,,-0.22868911382733437,
1994-02-10,,1.0026947567546074,
1994-02-11,,0.28475044157518603,
1994-02-14,,-0.06164258869699424,
1994-02-15,,-0.7970829100451322,
1994-02-16,,-0.276575955397675,
1994-02-17,,0.5675392833592223,
1994-02-18,,0.8446635326446383,
1994-02-22,,-1.1492213420901916,
1994-02-23,,0.39658741886166027,
1994-02-24,,1.9779894825113828,
1994-02-25,,-1.0833122745443582,
1994-02-28,,0.19592160744302412,
1994-03-01,,0.9634407353513872,
1994-03-02,,0.30822638426467286,
1994-03-03,,0.3963495749746482,
1994-03-04,,-0.24754205378534877,
1994-03-07,,-1.6584970589920687,
1994-03-08,,1.9056743495086632,
1994-03-09,,-1.8908155494725882,
1994-03-10,,2.1196488233559165,
1994-03-11,,-1.726584278144344,
1994-03-14,,1.7609958610915672,
1994-03-15,,-1.856053902324291,
1994-03-16,,-0.26854499293618517,
1994-03-17,,-1.9103860832294686,
1994-03-18,,0.31730549170089795,
1994-03-21,,0.7222095238927508,
1994-03-22,,-1.0984419737840625,
1994-03-23,,-1.198458831198085,
1994-03-24,,0.8810992209891637,
1994-03-25,,0.026449147777849902,
1994-03-28,,1.1399790086998127,
1994-03-29,,1.5811538560538985,
1994-03-30,,2.25288527976571,
1994-03-31,,2.1923741693570555,
1994-04-04,,3.9212132860944173,
1994-04-05,,-5.032195008470492,
1994-04-06,,-0.26543596232452416,
1994-04-07,,-0.4647772438223612,
1994-04-08,,-0.15287895572265953,
1994-04-11,,-0.41966972008392744,
1994-04-12,,-0.3028991287755254,
1994-04-13,,0.47125953593250713,
1994-04-14,,-0.8384908260810491,
1994-04-15,,-0.3663991116750154,
1994-04-18,,1.1005297545444321,
1994-04-19,,-0.3565678734073252,
1994-04-20,,0.09083763121141075,
1994-04-21,,-2.10016592617645,
1994-04-22,,-0.11859077853212163,
1994-04-25,,-0.9351823806091701,
1994-04-26,,-0.6994673478912592,
1994-04-28,,0.43285152746362243,
1994-04-29,,-0.9635560166455992,
1994-05-02,,0.15885950224654088,
1994-05-03,,-0.49467743054516333,
1994-05-04,,0.3228287738563864,
1994-05-05,,0.13433761372954756,
1994-05-06,,0.4487249108333877,
1994-05-09,,1.0554148847467122,
1994-05-10,,-0.9062789872767922,
1994-05-11,,0.42053680121641435,
1994-05-12,,-0.10344218294055452,
1994-05-13,,-0.9137026048395391,
1994-05-16,,0.06633890633379558,
1994-05-17,,-0.7068927160532663,
1994-05-18,,-1.6529902881465741,
1994-05-19,,-0.4567900537044789,
1994-05-20,,0.1416533723741118,
1994-05-23,,0.447343786395777,
1994-05-24,,-0.9079081507557056,
1994-05-25,,-0.4296518705533874,
1994-05-26,,-0.12165789257864823,
1994-05-27,,-0.1914871953764532,
1994-05-31,,0.3839301381236293,
1994-06-01,,-0.42272071242071263,
1994-06-02,,-0.07546338614633896,
1994-06-03,,-0.6477747901876398,
1994-06-06,,0.7112658125740108,
1994-06-07,,-0.09058010351083112,
1994-06-08,,0.22804937133613912,
1994-06-09,,-0.14743541255250925,
1994-06-10,,-0.5513294460992704,
1994-06-13,,-0.8471286180370292,
1994-06-14,,-0.47422729726359414,
1994-06-15,,-0.28784525857550847,
1994-06-16,,-0.5065592841365643,
1994-06-17,,0.88559580993123,
1994-06-20,,1.5070931430081629,
1994-06-21,,0.7757180518670346,
1994-06-22,,-0.5177173931379446,
1994-06-23,,0.22300434559809545,
1994-06-24,,2.6422477590145963,
1994-06-27,,-1.0135511823341936,
1994-06-28,,-0.2443723153241617,
1994-06-29,,-0.5551180429620963,
1994-06-30,,0.5334278688628604,
1994-07-01,,-0.6443517015263573,
1994-07-05,,0.5295231961627902,
1994-07-06,,-0.2703606306742401,
1994-07-07,,-0.7108216719918801,
1994-07-08,,-0.8343258068631147,
1994-07-11,,0.4033353639054571,
1994-07-12,,-0.5935097730991306,
1994-07-13,,-1.1049837537810436,
1994-07-14,,-0.9813098338129169,
1994-07-15,,-0.6443425436871273,
1994-07-18,,-0.15337206550765892,
1994-07-19,,-0.07181418820342422,
1994-07-20,,-0.1704432304172112,
1994-07-21,,-0.22900859723520206,
1994-07-22,,-0.5919880029496127,
1994-07-25,,0.06484397908550577,
1994-07-26,,0.02492693328703588,
1994-07-27,,0.14112353113770837,
1994-07-28,,0.0055403914797285125,
1994-07-29,,-0.9701523296936578,
1994-08-01,,-0.07751703479933525,
1994-08-02,,-0.07265949949644224,
1994-08-03,,-0.06371788181034965,
1994-08-04,,0.7064370206422144,
1994-08-05,,0.09299435275362455,
1994-08-08,,0.06446242333423058,
1994-08-09,,0.11916834682933697,
1994-08-10,,-0.6432107024649678,
1994-08-11,,0.16750791924017072,
1994-08-12,,-1.130659859400506,
1994-08-15,,0.8421483902350335,
1994-08-16,,-0.8105625803534249,
1994-08-17,,0.05579461645533712,
1994-08-18,,0.3922767904026383,
1994-08-19,,0.67550595702855,
1994-08-22,,-0.21807199245055386,
1994-08-23,,-0.8545270929793958,
1994-08-24,,-0.24956750950858186,
1994-08-25,,0.3093584818069477,
1994-08-26,,0.056881898191935676,
1994-08-29,,-0.43716496164008767,
1994-08-30,,-0.6720607172180557,
1994-08-31,,0.5983652526308241,
1994-09-01,,-0.2393914503141623,
1994-09-02,,-0.5333175336380176,
1994-09-06,,0.17624652661722706,
1994-09-07,,-0.0037803089594703465,
1994-09-08,,-0.03801153049476724,
1994-09-09,,1.180869075114792,
1994-09-12,,0.8815114892314746,
1994-09-13,,-0.12676629850897214,
1994-09-14,,-0.5617450149076735,
1994-09-15,,-1.1862989002950535,
1994-09-16,,0.8137217771191025,
1994-09-19,,0.1299511054599769,
1994-09-20,,1.3542676688643134,
1994-09-21,,0.08477509666378324,
1994-09-22,,-0.47974774770273854,
1994-09-23,,0.686658697431378,
1994-09-26,,0.04994640151527108,
1994-09-27,,-0.3763747742262833,
1994-09-28,,-0.8739009037250476,
1994-09-29,,0.635335792796841,
1994-09-30,,0.21039253274265235,
1994-10-03,,1.1386176100052836,
1994-10-04,,1.2711493820330837,
1994-10-05,,-0.5634630028735632,
1994-10-06,,0.49064448000380345,
1994-10-07,,-1.2303454205616031,
1994-10-12,,-0.3911071908362356,
1994-10-13,,0.2801838626962496,
1994-10-14,,-1.6775894457303036,
1994-10-17,,1.2923472613035258,
1994-10-18,,-0.3331707674227289,
1994-10-19,,0.49647733242644954,
1994-10-20,,0.822407730575538,
1994-10-21,,-0.03409298698230856,
1994-10-24,,1.139503119074897,
1994-10-25,,-0.7361696156570794,
1994-10-26,,-0.3255909241702959,
1994-10-27,,-0.041005694223711586,
1994-10-28,,-1.1525464303278028,
1994-10-31,,-0.10395152031856725,
1994-11-01,,0.10986267400475924,
1994-11-02,,0.3742870108201597,
1994-11-03,,0.17434776867545132,
1994-11-04,,1.1533367518748054,
1994-11-07,,0.6755964623997244,
1994-11-08,,-0.9191084599134527,
1994-11-09,,0.2125707682506821,
1994-11-10,,-0.42204269792553006,
1994-11-15,,0.6432370757588401,
1994-11-16,,-1.1149237778819803,
1994-11-17,,0.3184681979364896,
1994-11-18,,-0.003994582604459396,
1994-11-21,,0.08215849279474696,
1994-11-22,,1.0740839995147518,
1994-11-23,,1.2031732827051975,
1994-11-25,,-0.8093846648377756,
1994-11-28,,-0.4641011061085685,
1994-11-29,,-0.6734559054450742,
1994-11-30,,-0.27316795302800045,
1994-12-01,,0.6195051914936798,
1994-12-02,,-0.2138679582016927,
1994-12-05,,-0.472365693611593,
1994-12-06,,-0.11361873071541595,
1994-12-07,,0.13908959404941612,
1994-12-08,,1.8009941978166708,
1994-12-09,,-2.054068206335682,
1994-12-12,,-0.5288096050896804,
1994-12-13,,-1.133308165207831,
1994-12-14,,-1.6618377499941257,
1994-12-15,,-0.4858464429332443,
1994-12-16,,-0.45809891533081526,
1994-12-19,,-0.09587175771120471,
1994-12-20,,-0.30968382391447413,
1994-12-21,,-1.1475508666608896,
1994-12-22,,0.12498214239526284,
1994-12-23,,-0.8561709072076358,
1994-12-27,,0.025844924752275844,
1994-12-28,,0.5127419347477513,
1994-12-29,,-0.08773762749749281,
1994-12-30,,0.26534844022418014,
1995-01-03,,0.9928226302930483,
1995-01-04,,-0.6990851954234714,
1995-01-05,,0.004576601832658511,
1995-01-06,,-0.41241728839430714,
1995-01-09,,0.13497504711718555,
1995-01-10,,-0.8909728522324158,
1995-01-11,,-0.47772459621323726,
1995-01-12,,0.500863490049289,
1995-01-13,,-1.8731103201220165,
1995-01-18,,0.2926178275991802,
1995-01-19,,0.03256746267050303,
1995-01-20,,0.12411418068992042,
1995-01-23,,0.5212626438818866,
1995-01-24,,-0.9084355370203312,
1995-01-25,,-0.5470570741378644,
1995-01-26,,-0.36884042843075626,
1995-01-27,,-0.1843723022064303,
1995-01-30,,0.8314219005219439,
1995-01-31,,-0.4053780598310972,
1995-02-01,,-0.27899604007762946,
1995-02-02,,-0.695543669214409,
1995-02-03,,-0.29053004278586236,
1995-02-06,,0.06041069340776417,
1995-02-07,,-0.20690003206175156,
1995-02-08,,0.11941824833099268,
1995-02-09,,0.09517887721451856,
1995-02-10,,-0.43144152785298573,
1995-02-13,,0.04027868515568045,
1995-02-14,,-0.08832328625440056,
1995-02-15,,-0.003050132910990655,
1995-02-16,,0.00240704857833407,
1995-02-17,,0.02272301843925817,
1995-02-21,,0.2712522421163204,
1995-02-22,,-0.7077152764229098,
1995-02-23,,-0.3089069434189895,
1995-02-24,,-0.44367253378268146,
1995-02-27,,1.514650456048539,
1995-02-28,,-0.8322761667359231,
1995-03-01,,-0.10042633825979941,
1995-03-02,,0.28474406941458597,
1995-03-03,,-0.6369483591166087,
1995-03-06,,0.6432315645185671,
1995-03-07,,1.968901154177713,
1995-03-08,,-0.4160794249036215,
1995-03-09,,-0.19742279050014133,
1995-03-10,,-0.9281824002087795,
1995-03-13,,-0.27638949271147695,
1995-03-14,,-0.1806799954711149,
1995-03-15,,0.18589793104282215,
1995-03-16,,-0.5793191135669531,
1995-03-17,,-0.2577256679399298,
1995-03-20,,-0.6057354841104114,
1995-03-21,,0.023068934888843984,
1995-03-22,,-0.41266483365033935,
1995-03-23,,-0.01426973926411712,
1995-03-24,,-0.39246491467076794,
1995-03-27,,0.497194416414489,
1995-03-28,,-0.6155032872463764,
1995-03-29,,1.0874127468990658,
1995-03-30,,0.04422242868605686,
1995-03-31,,0.7710851324025114,
1995-04-03,,0.17277365024597557,
1995-04-04,,-0.8012377176766563,
1995-04-05,,0.3456139675237555,
1995-04-06,,-0.20233723141028648,
1995-04-07,,0.0035053485694334086,
1995-04-10,,-0.11492169259777185,
1995-04-11,,-0.11852231820344628,
1995-04-12,,-0.7598483066344208,
1995-04-13,,-0.6730554009478826,
1995-04-17,,0.6649608030416143,
1995-04-18,,0.4762172646536591,
1995-04-19,,0.08575732577963713,
1995-04-20,,-0.9957910742645968,
1995-04-21,,-0.30813021148305353,
1995-04-24,,-0.09234569226200406,
1995-04-25,,0.3434821204384697,
1995-04-26,,-0.2328284253400934,
1995-04-27,,-0.4229238067102177,
1995-04-28,,-0.28591793214083694,
1995-05-01,,0.255226297075966,
1995-05-02,,-0.3744414755809089,
1995-05-03,,-0.28544934493643126,
1995-05-04,,0.8255535329710622,
1995-05-05,,-0.6563240398467229,
1995-05-08,,0.11681098603004614,
1995-05-09,,0.4420852049931323,
1995-05-10,,0.2871466913897134,
1995-05-11,,-0.09676995172740632,
1995-05-12,,-1.1380300248567892,
1995-05-15,,0.4556075004968747,
1995-05-16,,-0.311950388924604,
1995-05-17,,0.07161080544238274,
1995-05-18,,0.6751968608293026,
1995-05-19,,-0.3574945738287134,
1995-05-22,,-1.1408893035383283,
1995-05-23,,-0.24239072559947772,
1995-05-24,,-0.4794501442709951,
1995-05-25,,0.18173825630047347,
1995-05-26,,0.40101336141394484,
1995-05-30,,0.22476713961517092,
1995-05-31,,0.290967280876238,
1995-06-01,,-0.6504009556469121,
1995-06-02,,0.7322046180387076,
1995-06-05,,0.42034136399743005,
1995-06-06,,-0.4222617992307711,
1995-06-07,,-0.14923891893347196,
1995-06-08,,0.0022632516106586564,
1995-06-09,,-0.18846268676599465,
1995-06-12,,-0.9149008522428375,
1995-06-13,,-0.7433512655294159,
1995-06-14,,-0.20728506443976435,
1995-06-15,,-0.2820706963121715,
1995-06-16,,-0.6769524105218476,
1995-06-19,,0.2522532799027033,
1995-06-20,,-0.24353348021817034,
1995-06-21,,0.017190731929707326,
1995-06-22,,-0.011197255517691573,
1995-06-23,,-0.42576589354394656,
1995-06-26,,0.5663715117237409,
1995-06-27,,0.4749389506585544,
1995-06-28,,-0.6440793911370406,
1995-06-29,,-0.17765487944522462,
1995-06-30,,-0.3037906564742556,
1995-07-03,,0.07924077644984351,
1995-07-05,,0.419488331701233,
1995-07-06,,-0.643291181969424,
1995-07-07,,0.18528190203441497,
1995-07-10,,0.32131418624344477,
1995-07-11,,0.007286324986853998,
1995-07-12,,0.031176832158841705,
1995-07-13,,0.2155433604896242,
1995-07-14,,-0.5061271470544391,
1995-07-17,,0.13360829476724234,
1995-07-18,,0.34187042512216514,
1995-07-19,,0.7693888357997896,
1995-07-20,,-0.6861769280089902,
1995-07-21,,-0.39088293963749443,
1995-07-24,,0.10473113356981578,
1995-07-25,,0.13033715877500285,
1995-07-26,,0.34873796450002637,
1995-07-27,,-0.028122858632707803,
1995-07-28,,-0.010183007928668886,
1995-07-31,,0.2852212679362349,
1995-08-01,,0.05318845732092825,
1995-08-02,,0.09788023047732075,
1995-08-03,,0.11332076113421508,
1995-08-04,,-0.5753403469384892,
1995-08-07,,-0.1509905539751326,
1995-08-08,,-0.1325494755435308,
1995-08-09,,-0.4049113331348373,
1995-08-10,,0.13977028939984848,
1995-08-11,,-0.21086463063779526,
1995-08-14,,0.24960813565566653,
1995-08-15,,-0.967269856850395,
1995-08-16,,-0.0013715269760741222,
1995-08-17,,-0.4746635482754069,
1995-08-18,,-0.24537709362169657,
1995-08-21,,1.2281867871581955,
1995-08-22,,-0.8950184816247013,
1995-08-23,,0.5456835706790546,
1995-08-24,,-0.2978993754534436,
1995-08-25,,-0.6469554903123296,
1995-08-28,,0.05230027692682526,
1995-08-29,,0.0439547053112328,
1995-08-30,,-0.713971748246756,
1995-08-31,,-0.6247982989505232,
1995-09-01,,-0.4102184999057066,
1995-09-05,,0.15375649656305157,
1995-09-06,,-0.17726765563358704,
1995-09-07,,0.0654620380193851,
1995-09-08,,-0.8070847054608983,
1995-09-11,,0.2144714281262523,
1995-09-12,,-0.20650803680302765,
1995-09-13,,-0.22839732552426106,
1995-09-14,,-0.37522836012955985,
1995-09-15,,0.34032280486105115,
1995-09-18,,0.6389501970216962,
1995-09-19,,0.29086691206996385,
1995-09-20,,-0.30079163803650744,
1995-09-21,,0.15053116036345315,
1995-09-22,,-0.07070004497890281,
1995-09-25,,0.7297148826909048,
1995-09-26,,-0.32209288514366996,
1995-09-27,,0.01856656270266832,
1995-09-28,,-0.4663067359940243,
1995-09-29,,0.22218351905769573,
1995-10-02,,1.1330401702680497,
1995-10-03,,0.5613564024969495,
1995-10-04,,0.4671982524192675,
1995-10-05,,1.004914382655052,
1995-10-06,,-1.599761566913358,
1995-10-11,,0.6712216545735288,
1995-10-12,,-0.3693560975555865,
1995-10-13,,-0.5795711656184341,
1995-10-16,,0.8720058369914874,
1995-10-17,,-0.6497537952214802,
1995-10-18,,-0.003738188550908461,
1995-10-19,,-0.5764955670496441,
1995-10-20,,-0.18578908366185587,
1995-10-23,,0.5801716667365877,
1995-10-24,,-0.40185737958569234,
1995-10-25,,0.5930483878276522,
1995-10-26,,1.0586848849362394,
1995-10-27,,-0.8980549688091717,
1995-10-30,,-0.3113230314728952,
1995-10-31,,-0.48575068650346687,
1995-11-01,,-0.5189788331248728,
1995-11-02,,-0.36301266756285244,
1995-11-03,,-1.0968601475536168,
1995-11-06,,0.26780045391903506,
1995-11-07,,0.0875142463335088,
1995-11-08,,-1.0288077919800678,
1995-11-09,,0.14245201031449817,
1995-11-10,,0.32131720151921783,
1995-11-13,,0.11655170476169907,
1995-11-14,,0.11907493093899646,
1995-11-15,,-0.47051717527073933,
1995-11-16,,-0.43893924921673744,
1995-11-17,,-0.19324724098024149,
1995-11-20,,-0.25411147436695103,
1995-11-21,,-0.7635395076110392,
1995-11-22,,-0.09594742623553643,
1995-11-24,,-0.12908188061978265,
1995-11-27,,0.40256482113593073,
1995-11-28,,-0.9695583773876439,
1995-11-29,,-0.03360721244141196,
1995-11-30,,-0.2365558238643377,
1995-12-01,,-0.6143726931312266,
1995-12-04,,-0.6155017777872178,
1995-12-05,,0.7819057047023286,
1995-12-06,,0.8896722865699243,
1995-12-07,,0.02108361909218104,
1995-12-08,,-1.5832360914928785,
1995-12-11,,-0.13801212635625149,
1995-12-12,,-0.624571063583593,
1995-12-13,,-0.4632284731066285,
1995-12-14,,0.4901267355154797,
1995-12-15,,0.196180589347847,
1995-12-18,,3.0213645762418544,
1995-12-19,,-1.2873278088499198,
1995-12-20,,-0.7557484989380612,
1995-12-21,,-1.4461977891227953,
1995-12-22,,0.5768540894773917,
1995-12-26,,-0.22215031089376325,
1995-12-27,,0.36702110876597516,
1995-12-28,,0.17349701903828674,
1995-12-29,,0.22430188617139457,
1996-01-02,,-0.35284792851129865,
1996-01-03,,-0.1252449249310832,
1996-01-04,,1.6063615774353295,
1996-01-05,,-0.18718681520183544,
1996-01-08,,-0.3690821319377662,
1996-01-09,,2.1180422912906067,
1996-01-10,,1.2761198369100235,
1996-01-11,,-1.4394913869104329,
1996-01-12,,-0.2759843863681475,
1996-01-17,,0.00954607605603286,
1996-01-18,,-0.7093502521622987,
1996-01-19,,-0.9571879820438518,
1996-01-22,,0.4703346025753028,
1996-01-23,,0.047915695113410095,
1996-01-24,,-1.1116060443187052,
1996-01-25,,0.26734112181588543,
1996-01-26,,-1.1105043859499624,
1996-01-29,,0.019877114827909992,
1996-01-30,,0.019951976703575625,
1996-01-31,,-0.04369532168176349,
1996-02-01,,0.00048569020836275456,
1996-02-02,,0.4810766351947109,
1996-02-05,,0.1746260360929437,
1996-02-06,,1.1227790570833385,
1996-02-07,,-0.4249808253739431,
1996-02-08,,-0.1375792417727304,
1996-02-09,,0.7426038061433147,
1996-02-12,,0.07888417586987373,
1996-02-13,,0.30883103145162316,
1996-02-14,,0.6997029203444924,
1996-02-15,,0.6225497326023373,
1996-02-16,,-0.6300644256614305,
1996-02-20,,1.5178289612712916,
1996-02-21,,-2.2444793702847683,
1996-02-22,,0.12633471413983166,
1996-02-23,,0.07535611069256554,
1996-02-26,,1.5059249565873074,
1996-02-27,,0.2648903183009743,
1996-02-28,,0.2161884972299788,
1996-02-29,,0.42719606025228174,
1996-03-01,,-0.2170169920147984,
1996-03-04,,0.030833360382942487,
1996-03-05,,-0.537721066882888,
1996-03-06,,0.44686387816561535,
1996-03-07,,-0.10152350309698477,
1996-03-08,,4.208851720419947,
1996-03-11,,-1.0836817045642917,
1996-03-12,,0.08157821346657101,
1996-03-13,,-0.7767372157793382,
1996-03-14,,-1.1172865066226692,
1996-03-15,,-0.4570284403558986,
1996-03-18,,0.613033363509853,
1996-03-19,,0.9298112580280851,
1996-03-20,,0.3277506079047896,
1996-03-21,,-0.8255841006039901,
1996-03-22,,-0.6516535368886274,
1996-03-25,,0.7149045740308182,
1996-03-26,,-0.10355946989394837,
1996-03-27,,0.09022333972671959,
1996-03-28,,0.263311053561349,
1996-03-29,,0.7326013503937894,
1996-04-01,,-0.9155911575207014,
1996-04-02,,-1.4064098716049642,
1996-04-03,,-0.2393881349918452,
1996-04-04,,-0.3516511198419572,
1996-05-08,,-0.5774669067135001,
1996-05-09,,1.0274982378011863,
1996-05-10,,-1.4947735817297918,
1996-05-13,,-0.5395014370741009,
1996-05-14,,-0.46695840699706714,
1996-05-15,,0.4780300423694861,
1996-05-16,,-0.0385585084008877,
1996-05-17,,-0.6614519847573153,
1996-05-20,,0.5677520802520952,
1996-05-21,,0.10508457182264763,
1996-05-22,,-0.5245771852012133,
1996-05-23,,0.6239095257552894,
1996-05-24,,-0.6739765180730757,
1996-05-28,,1.3510340254333233,
1996-05-29,,0.22660296936684432,
1996-05-30,,-1.0279227597504068,
1996-05-31,,0.0712333116699213,
1996-06-03,,0.724584825878626,
1996-06-04,,-0.6864583058795546,
1996-06-05,,-0.13594533370747897,
1996-06-06,,0.7370654855748491,
1996-06-07,,-0.7592717729474892,
1996-06-10,,0.672459603529127,
1996-06-11,,-0.1315176435295271,
1996-06-12,,0.33413827691732934,
1996-06-13,,0.13117390490288727,
1996-06-14,,1.5526682265190779,
1996-06-17,,-1.0693117442833575,
1996-06-18,,0.11465752991837519,
1996-06-19,,0.09558755221453552,
1996-06-20,,-0.5578419151031326,
1996-06-21,,-1.19068237229094,
1996-06-24,,-0.016082274472037028,
1996-06-25,,-0.6596450443322173,
1996-06-26,,-0.3647200062901561,
1996-06-27,,-1.226592481784893,
1996-06-28,,-0.7375306550729679,
1996-07-01,,-0.19274158526446428,
1996-07-02,,0.13864289715166933,
1996-07-03,,-0.17915456152200093,
1996-07-05,,1.7359890756939826,
1996-07-08,,0.3047827235286391,
1996-07-09,,-0.8120102107095271,
1996-07-10,,0.0675323263440113,
1996-07-11,,2.266120298841644,
1996-07-12,,-0.6223670503836551,
1996-07-15,,3.2105486026203813,
1996-07-16,,0.24118299989698144,
1996-07-17,,-0.4664724288086681,
1996-07-18,,-1.024443070774808,
1996-07-19,,-0.5862578617106387,
1996-07-22,,3.094413294510698,
1996-07-23,,1.2256685805808196,
1996-07-24,,0.2410172671378099,
1996-07-25,,-1.7115506786103154,
1996-07-26,,-1.7892753520635871,
1996-07-29,,2.515827387743556,
1996-07-30,,0.36159173487877894,
1996-07-31,,-0.9175351094618804,
1996-08-01,,-0.621486643645742,
1996-08-02,,-2.6194946652711373,
1996-08-05,,0.9459156826877013,
1996-08-06,,-0.7241509139491029,
1996-08-07,,-0.8602497445438217,
1996-08-08,,-0.41859675941594787,
1996-08-09,,-0.5076818005376822,
1996-08-12,,-0.42353347417538245,
1996-08-13,,0.623293774884317,
1996-08-14,,-0.5988944039656374,
1996-08-15,,-0.5934123193199632,
1996-08-16,,-0.7965159066635348,
1996-08-19,,0.2664961041138696,
1996-08-20,,-0.7222299131654708,
1996-08-21,,-0.3608714466737908,
1996-08-22,,-0.9935041595131722,
1996-08-23,,0.2559077232057394,
1996-08-26,,0.9866369422214198,
1996-08-27,,-0.35063398051112316,
1996-08-28,,-0.020836758421092227,
1996-08-29,,1.075425009768983,
1996-08-30,,0.8075617648989137,
1996-09-03,,1.5861580318157529,
1996-09-04,,0.393039473565139,
1996-09-05,,2.151272040825585,
1996-09-06,,-3.0798296762966366,
1996-09-09,,-0.5334767937756517,
1996-09-10,,-0.23325253020486159,
1996-09-11,,-0.3306050256623898,
1996-09-12,,-0.22583599135386478,
1996-09-13,,-0.9044622727405454,
1996-09-16,,0.06645221993858286,
1996-09-17,,0.1295779308330971,
1996-09-18,,0.0030947254511914934,
1996-09-19,,0.0933114859970594,
1996-09-20,,-0.4341321351384888,
1996-09-23,,0.7486390873467581,
1996-09-24,,-0.05022216707547145,
1996-09-25,,-0.21235495180622266,
1996-09-26,,-0.12127217089325981,
1996-09-27,,-0.047653262931572016,
1996-09-30,,0.8053815237170667,
1996-10-01,,0.1031216298618105,
1996-10-02,,-0.21003374593703938,
1996-10-03,,0.019335972406750557,
1996-10-04,,-1.9716276711513672,
1996-10-07,,0.19492488624091386,
1996-10-08,,0.2500274384270522,
1996-10-09,,0.3822423863246627,
1996-10-10,,0.11542265568587595,
1996-10-11,,-1.2002203951924368,
1996-10-16,,0.4575218934222054,
1996-10-17,,-0.3106979460257957,
1996-10-18,,-0.4029712436240924,
1996-10-21,,0.7970667938299023,
1996-10-22,,0.35594256630918153,
1996-10-23,,0.07668495474840142,
1996-10-24,,0.48001706576251024,
1996-10-25,,0.45084402579423255,
1996-10-28,,1.136757613378748,
1996-10-29,,0.08706125968613065,
1996-10-30,,0.38136463692463707,
1996-10-31,,-0.22628796287762754,
1996-11-01,,-0.11269509008351619,
1996-11-04,,0.1945037335572053,
1996-11-05,,-0.3622204068210486,
1996-11-06,,-0.6712106080486393,
1996-11-07,,0.17782789345291405,
1996-11-08,,-1.5162520366257866,
1996-11-13,,-1.0231438267894273,
1996-11-14,,-1.3635090974675457,
1996-11-15,,0.23555357004422817,
1996-11-18,,0.4395173514868702,
1996-11-19,,-0.07239450447645268,
1996-11-20,,0.6070424151025176,
1996-11-21,,-0.2201432015073408,
1996-11-22,,-0.8598067753099254,
1996-11-25,,0.9109640769510747,
1996-11-26,,0.9843561274879793,
1996-11-27,,0.05178876673930688,
1996-11-29,,0.28884747558390345,
1996-12-02,,0.875078538589058,
1996-12-03,,0.8693926118660968,
1996-12-04,,-0.5637752574996782,
1996-12-05,,0.36268730715485376,
1996-12-06,,0.7556183706625106,
1996-12-09,,-0.9556309904691034,
1996-12-10,,0.20582390071324852,
1996-12-11,,1.7874102530711191,
1996-12-12,,0.871073968467261,
1996-12-13,,0.8848229685382023,
1996-12-16,,1.1755181470263487,
1996-12-17,,-0.9056924827984645,
1996-12-18,,-1.1014987250665733,
1996-12-19,,-0.6099222027335429,
1996-12-20,,-0.007651732817077317,
1996-12-23,,0.5455556392752214,
1996-12-24,,-0.8610385221868597,
1996-12-26,,-0.12497275093826943,
1996-12-27,,0.4453182136343372,
1996-12-30,,0.33071090784725143,
1996-12-31,,1.4270724737472804,
1997-01-02,,0.3337877437195935,
1997-01-03,,-1.8096032703095375,
1997-01-06,,0.8203910121329372,
1997-01-07,,-0.5876479032870314,
1997-01-08,,0.886664100388181,
1997-01-09,,0.6734040896409326,
1997-01-10,,-1.1745522224181713,
1997-01-13,,0.26696890419537667,
1997-01-14,,-0.6030106290144666,
1997-01-15,,0.0950992285811516,
1997-01-16,,0.14768433319878582,
1997-01-17,,-1.0064068414591496,
1997-01-22,,-1.6020047224047076,
1997-01-23,,1.1754333951774036,
1997-01-24,,0.6675181948977169,
1997-01-27,,0.8227865630338798,
1997-01-28,,0.6685468272678605,
1997-01-29,,-0.35356606036740246,
1997-01-30,,-0.6249715732776124,
1997-01-31,,0.030417498337200755,
1997-02-03,,0.08603819185572803,
1997-02-04,,-0.1590677999620027,
1997-02-05,,1.6215485031531145,
1997-02-06,,-0.8281167150888074,
1997-02-07,,-1.1367517138959116,
1997-02-10,,1.7097825896705032,
1997-02-11,,-0.6965562195866362,
1997-02-12,,-0.41234231958718937,
1997-02-13,,-0.2712315428724885,
1997-02-14,,-0.10912372918746982,
1997-02-18,,0.45449959888558666,
1997-02-19,,0.8830201107300013,
1997-02-20,,0.8642498352060812,
1997-02-21,,-0.703320215568187,
1997-02-24,,-0.5782274988097349,
1997-02-25,,0.14619015957203274,
1997-02-26,,0.7307511594362772,
1997-02-27,,0.37262578824893566,
1997-02-28,,0.11800091292263915,
1997-03-03,,-0.10817863745570477,
1997-03-04,,-0.19658675684972238,
1997-03-05,,-1.0971317634083029,
1997-03-06,,0.9394577145180136,
1997-03-07,,-1.2214931826909314,
1997-03-10,,-0.3572944463805108,
1997-03-11,,0.11632857956210074,
1997-03-12,,0.2509963520457674,
1997-03-13,,0.12971030767835856,
1997-03-14,,0.012369964919589194,
1997-03-17,,1.145629223683084,
1997-03-18,,0.37831974674698543,
1997-03-19,,0.632504322384964,
1997-03-20,,-0.35307190760093476,
1997-03-21,,-1.388228764064177,
1997-03-24,,0.3652350022582347,
1997-03-25,,-0.8836559345736745,
1997-03-26,,-1.016051416267718,
1997-03-27,,2.0089185782572763,
1997-03-31,,1.5610852105291393,
1997-04-01,,-1.1176392298717523,
1997-04-02,,0.638295142671808,
1997-04-03,,-0.035551218617985825,
1997-04-04,,-1.8623058961300067,
1997-04-07,,-0.7569062893738199,
1997-04-08,,-0.27224707660264613,
1997-04-09,,-0.08583640803147574,
1997-04-10,,0.2871440670747809,
1997-04-11,,0.6498535383217572,
1997-04-14,,-0.6806382671629869,
1997-04-15,,-0.8367916541734246,
1997-04-16,,-0.7046391815892363,
1997-04-17,,0.904793507336251,
1997-04-18,,-0.07488284227818909,
1997-04-21,,1.333904552217124,
1997-04-22,,-0.5245279830964051,
1997-04-23,,1.0659243299142176,
1997-04-24,,0.4402631332791138,
1997-04-25,,0.4834396630268465,
1997-04-28,,0.3593825706506806,
1997-04-29,,-1.3596253550989097,
1997-04-30,,0.31775180523714397,
1997-05-01,,-0.22612829064524576,
1997-05-02,,-2.371963698945546,
1997-05-05,,2.465714235850111,
1997-05-06,,0.5767698388819582,
1997-05-07,,0.6080708131057442,
1997-05-08,,0.07633459959188116,
1997-05-09,,-0.9942936589500135,
1997-05-12,,0.19744216872031117,
1997-05-13,,0.5377396167558857,
1997-05-14,,0.3109762064351642,
1997-05-15,,-1.1003486353787473,
1997-05-16,,1.6781444926206532,
1997-05-19,,-0.0647583260937914,
1997-05-20,,-2.080066560779624,
1997-05-21,,-0.002500753851279569,
1997-05-22,,-0.6769505665204036,
1997-05-23,,-0.8381627684023876,
1997-05-27,,1.0850576387934971,
1997-05-28,,-0.21318505973686186,
1997-05-29,,-0.28109219263266283,
1997-05-30,,0.12442112840897224,
1997-06-02,,1.6150656243923827,
1997-06-03,,-0.7724776474817823,
1997-06-04,,0.2124619394414431,
1997-06-05,,0.2972887642688562,
1997-06-06,,-1.3623143018157933,
1997-06-09,,0.5064751157131084,
1997-06-10,,-0.5015748567092615,
1997-06-11,,-0.23481127415591274,
1997-06-12,,-0.4202053624852411,
1997-06-13,,0.6651990120073457,
1997-06-16,,0.44108526093096856,
1997-06-17,,0.43314023537789126,
1997-06-18,,0.35826395355288554,
1997-06-19,,-0.24574544315946056,
1997-06-20,,0.18333106141867717,
1997-06-23,,1.0384215566843125,
1997-06-24,,-0.34602002774881413,
1997-06-25,,0.8888725474703314,
1997-06-26,,0.4315578723573239,
1997-06-27,,-0.4334149308491675,
1997-06-30,,0.43270089732749994,
1997-07-01,,-0.4528367005847045,
1997-07-02,,-1.2378993051867972,
1997-07-03,,-1.936754862438935,
1997-07-07,,1.0762072662255555,
1997-07-08,,-0.6097758616109701,
1997-07-09,,1.5256326876734896,
1997-07-10,,-0.5175727341373388,
1997-07-11,,-0.8003224702491032,
1997-07-14,,0.4784397117739445,
1997-07-15,,-0.6404380267473684,
1997-07-16,,0.3197165251396896,
1997-07-17,,1.1231378695546361,
1997-07-18,,1.7871707247194273,
1997-07-21,,1.4435709640698349,
1997-07-22,,-1.3832407599653926,
1997-07-23,,-0.1966742865351634,
1997-07-24,,-0.2660144160091491,
1997-07-25,,-0.11601945563894134,
1997-07-28,,1.0134364709440362,
1997-07-29,,0.22611473831085505,
1997-07-30,,-0.5079690384187394,
1997-07-31,,0.16478620082478201,
1997-08-01,,0.8358286965041799,
1997-08-04,,-0.27031693430647863,
1997-08-05,,-1.195032137556442,
1997-08-06,,-0.6006026833706635,
1997-08-07,,-0.4043717612240769,
1997-08-08,,2.5432803088538165,
1997-08-11,,0.3245683667231276,
1997-08-12,,1.1994124660452385,
1997-08-13,,1.0119920981734651,
1997-08-14,,-1.097475754349464,
1997-08-15,,1.570995418050309,
1997-08-18,,0.08751968239523933,
1997-08-19,,-1.4887642187389893,
1997-08-20,,-1.4551109854129685,
1997-08-21,,2.6215246469802906,
1997-08-22,,0.8742790769446174,
1997-08-25,,-0.4144203087181708,
1997-08-26,,0.8318711538968486,
1997-08-27,,-0.3103283490317317,
1997-08-28,,0.4110797473144885,
1997-08-29,,0.3675677400369537,
1997-09-02,,-0.0904343719260865,
1997-09-03,,0.5462625413604414,
1997-09-04,,0.4387212595796548,
1997-09-05,,-0.8048603556865643,
1997-09-08,,0.1935672712346026,
1997-09-09,,-0.47814390327573264,
1997-09-10,,0.770418003432713,
1997-09-11,,1.3816023550265086,
1997-09-12,,-0.6547519372400075,
1997-09-15,,0.758798505736749,
1997-09-16,,-1.837851536726891,
1997-09-17,,0.3859130366093808,
1997-09-18,,-0.6853589306442878,
1997-09-19,,-0.7817841919503792,
1997-09-22,,-0.7709627357465436,
1997-09-23,,-0.2447439628466057,
1997-09-24,,0.4680081458132328,
1997-09-25,,0.22057553063213575,
1997-09-26,,-0.7118744338979681,
1997-09-29,,-0.052794334484168814,
1997-09-30,,0.6168339656781967,
1997-10-01,,-0.5950167511345867,
1997-10-02,,-0.03314361101823593,
1997-10-03,,-0.7573201370414324,
1997-10-06,,0.01440778668996856,
1997-10-07,,-1.406118248713284,
1997-10-08,,0.3517825674432622,
1997-10-09,,1.3744227784060783,
1997-10-10,,-2.5648572947627244,
1997-10-15,,0.2620542672481676,
1997-10-16,,0.2833900617321774,
1997-10-17,,1.0663126049113956,
1997-10-20,,-0.9500298973554031,
1997-10-21,,-1.146513656595193,
1997-10-22,,0.2291881140524552,
1997-10-23,,2.992758637546551,
1997-10-24,,0.27186292619047947,
1997-10-27,,8.251397366382129,
1997-10-28,,0.7817016581174734,
1997-10-29,,3.6501248616209523,
1997-10-30,,5.47410931994731,
1997-10-31,,-1.8339500741642851,
1997-11-03,,-1.8172457849818286,
1997-11-04,,0.7332983029111553,
1997-11-05,,0.26286199632705376,
1997-11-06,,0.7011881881271869,
1997-11-07,,3.993298509521324,
1997-11-10,,0.855723282818289,
1997-11-13,,0.7145317856314719,
1997-11-14,,-2.3729504428974124,
1997-11-17,,-1.7175356897321628,
1997-11-18,,-0.024267021678902267,
1997-11-19,,-1.7133578453016014,
1997-11-20,,-2.7386616920922755,
1997-11-21,,-1.0051521671197179,
1997-11-24,,2.6934573839302907,
1997-11-25,,-1.0582932444238367,
1997-11-26,,0.02508832835967567,
1997-11-28,,-1.5563219856588795,
1997-12-01,,-1.5051389435103175,
1997-12-02,,-0.5831476696049869,
1997-12-03,,-2.0195689658103113,
1997-12-04,,-0.4031060262413604,
1997-12-05,,-1.5613794867450395,
1997-12-08,,0.2203406681249369,
1997-12-09,,-0.1842776250064908,
1997-12-10,,0.991078285957208,
1997-12-11,,2.99934570259191,
1997-12-12,,0.48625941947852525,
1997-12-15,,-0.15630049415674563,
1997-12-16,,-0.9536637045494984,
1997-12-17,,0.3767936876385889,
1997-12-18,,0.9305569520314023,
1997-12-19,,2.131528414411555,
1997-12-22,,-0.3231948091244661,
1997-12-23,,1.6559911219418346,
1997-12-24,,0.7340438597515586,
1997-12-26,,-0.600742752082251,
1997-12-29,,-2.170783114636162,
1997-12-30,,-2.3460895415891194,
1997-12-31,,-0.597516927179818,
1998-01-02,,-0.9317464526677135,
1998-01-05,,0.6308317541513233,
1998-01-06,,1.0726594876310465,
1998-01-07,,-0.6231922367762515,
1998-01-08,,0.9765442116797551,
1998-01-09,,2.725893619759038,
1998-01-12,,-0.40296175079975427,
1998-01-13,,-2.4759852052414786,
1998-01-14,,-1.3188608672021545,
1998-01-15,,-0.47250615830621,
1998-01-16,,-2.0254516764851687,
1998-01-20,,-0.2850830341509756,
1998-01-21,,0.5342506982900979,
1998-01-22,,0.41597275777126086,
1998-01-23,,0.08794159917862387,
1998-01-26,,0.6463198554119458,
1998-01-27,,-1.651328984580232,
1998-01-28,,-0.2112694114248086,
1998-01-29,,-0.5360030127414674,
1998-01-30,,-0.30186957254636937,
1998-02-02,,-0.24084858330502712,
1998-02-03,,-0.8068160087827572,
1998-02-04,,-0.2545847324067516,
1998-02-05,,0.581316681018059,
1998-02-06,,-0.8686417580094066,
1998-02-09,,0.9801815878985352,
1998-02-10,,-0.9362757603755121,
1998-02-11,,-0.28600325632731227,
1998-02-12,,-0.7351445566198471,
1998-02-13,,-0.005425875287627946,
1998-02-17,,0.7905999997999587,
1998-02-18,,-1.1414193484605875,
1998-02-19,,0.19019570683150278,
1998-02-20,,-0.9719231461587619,
1998-02-23,,-0.10952439251132162,
1998-02-24,,0.21635690161921772,
1998-02-25,,-0.8220702444532613,
1998-02-26,,-0.08074659478568691,
1998-02-27,,-0.20629818156539415,
1998-03-02,,0.5372902183607771,
1998-03-03,,-0.20552262252978792,
1998-03-04,,0.5302517151643933,
1998-03-05,,1.3565764233895123,
1998-03-06,,-1.6723333950152401,
1998-03-09,,1.1773134900421205,
1998-03-10,,-0.8002398297390059,
1998-03-11,,-0.49704187080222084,
1998-03-12,,-0.6976035328394623,
1998-03-13,,0.34583217059157434,
1998-03-16,,-0.31006849195685504,
1998-03-17,,0.08347327850734843,
1998-03-18,,-0.43433117050931,
1998-03-19,,-0.5924400800408769,
1998-03-20,,0.8215495729271538,
1998-03-23,,1.2163674983119428,
1998-03-24,,0.6061283653595808,
1998-03-25,,2.2029961669016522,
1998-03-26,,0.5517090452991305,
1998-03-27,,1.0433719524422926,
1998-03-30,,1.5480225508158263,
1998-03-31,,-0.03352487078505462,
1998-04-01,,-0.45916970758857545,
1998-04-02,,-1.1489967438673112,
1998-04-03,,-0.08871584225990148,
1998-04-06,,0.6143698428857398,
1998-04-07,,1.1993844852142566,
1998-04-08,,-0.36602998651841645,
1998-04-09,,-1.5013770364269163,
1998-04-13,,1.2638835164794777,
1998-04-14,,-1.1922648405978897,
1998-04-15,,-0.7072957230802892,
1998-04-16,,1.0576533079606243,
1998-04-17,,-1.363961104742227,
1998-04-20,,-0.40435206840326643,
1998-04-21,,-0.621197263725147,
1998-04-22,,-0.6246557709775331,
1998-04-23,,0.9793568156277743,
1998-04-24,,1.2592278560750323,
1998-04-27,,4.190121788992368,
1998-04-28,,-1.5455487834216441,
1998-04-29,,-0.9080057039853813,
1998-04-30,,-1.4337313064650807,
1998-05-01,,-1.8677047514751095,
1998-05-04,,0.7584935029802047,
1998-05-05,,0.8995114945873937,
1998-05-06,,1.2781082003851445,
1998-05-07,,0.7062244141762903,
1998-05-08,,-2.610367416948492,
1998-05-11,,0.5348807397922961,
1998-05-12,,-0.19174865155067877,
1998-05-13,,-0.5882884244073203,
1998-05-14,,-0.8747494275265488,
1998-05-15,,0.6618971544594743,
1998-05-18,,1.1320607708224308,
1998-05-19,,-1.265080023782243,
1998-05-20,,-0.4592447755218352,
1998-05-21,,-0.5984487822998723,
1998-05-22,,-0.513853489862651,
1998-05-26,,2.926125391680568,
1998-05-27,,0.5410985682373237,
1998-05-28,,-1.5874607408633175,
1998-05-29,,0.7121548442524208,
1998-06-01,,1.5237159832810718,
1998-06-02,,-0.6809799136911963,
1998-06-03,,1.0293456224540911,
1998-06-04,,-1.4987564280007,
1998-06-05,,-1.3533215706193538,
1998-06-08,,0.6775585447846346,
1998-06-09,,-0.2012158861118678,
1998-06-10,,0.907599396710367,
1998-06-11,,2.093165445864546,
1998-06-12,,-0.601954289297872,
1998-06-15,,3.4126062827321277,
1998-06-16,,-0.8215400190957141,
1998-06-17,,-1.4818971672278636,
1998-06-18,,-0.3366856901390527,
1998-06-19,,-0.4972540752975263,
1998-06-22,,-0.03638675973273209,
1998-06-23,,-1.8396117191533214,
1998-06-24,,-0.29412157786627446,
1998-06-25,,-0.013454973672605064,
1998-06-26,,-1.0714162119167874,
1998-06-29,,0.03212338377399604,
1998-06-30,,-0.05381983185668204,
1998-07-01,,-1.838308105253084,
1998-07-02,,-0.5193867502146396,
1998-07-06,,0.6691529257170821,
1998-07-07,,-0.2070941380689888,
1998-07-08,,-0.8948703502484499,
1998-07-09,,0.21084278331478146,
1998-07-10,,-0.38276778810215006,
1998-07-13,,0.23677951143528375,
1998-07-14,,-0.46677478132620465,
1998-07-15,,-0.058832399839438665,
1998-07-16,,-1.0066125595885076,
1998-07-17,,-0.8608617174168067,
1998-07-20,,0.9034635214687512,
1998-07-21,,2.603041410126039,
1998-07-22,,0.3203247244234326,
1998-07-23,,2.9643081460902643,
1998-07-24,,0.36916134331581674,
1998-07-27,,0.6074194253590512,
1998-07-28,,2.50975920194238,
1998-07-29,,-0.012146166001567593,
1998-07-30,,-1.6393767472488996,
1998-07-31,,2.384653836983599,
1998-08-03,,1.3608588226449143,
1998-08-04,,5.460196128947459,
1998-08-05,,-0.564192148762082,
1998-08-06,,-0.7976054350449289,
1998-08-07,,-0.6917457522977841,
1998-08-10,,1.9764512492163533,
1998-08-11,,3.399011176030072,
1998-08-12,,-2.849308754338722,
1998-08-13,,1.8264799531453342,
1998-08-14,,4.635936385335313,
1998-08-17,,-1.9244266283154907,
1998-08-18,,-2.827170337465855,
1998-08-19,,0.44096461335098525,
1998-08-20,,1.2495682898008447,
1998-08-21,,3.2231917346801815,
1998-08-24,,-0.9914754352383426,
1998-08-25,,-1.0277944482766337,
1998-08-26,,1.002217219309511,
1998-08-27,,7.5431811363351,
1998-08-28,,1.654262944996752,
1998-08-31,,5.763679628014579,
1998-09-01,,-6.599707747678103,
1998-09-02,,1.1860259289914907,
1998-09-03,,4.893309866001715,
1998-09-04,,2.4246039453767807,
1998-09-08,,-4.508883671306279,
1998-09-09,,2.338994903457767,
1998-09-10,,5.856857979276455,
1998-09-11,,-0.8591103192178693,
1998-09-14,,-4.274038679213774,
1998-09-15,,-1.6391807952205255,
1998-09-16,,-0.7639693288750067,
1998-09-17,,3.088242198318092,
1998-09-18,,-0.5786604665134973,
1998-09-21,,0.20433552086952034,
1998-09-22,,-1.7771090108821355,
1998-09-23,,-4.0665342028404154,
1998-09-24,,1.9329897018611604,
1998-09-25,,-0.43725387247092584,
1998-09-28,,0.25740994368626247,
1998-09-29,,1.1874363334023457,
1998-09-30,,4.976329258901828,
1998-10-01,,3.0005679406610852,
1998-10-02,,-2.1210451862919797,
1998-10-05,,3.0848450637525673,
1998-10-06,,-1.0529398532402467,
1998-10-07,,2.899551885966929,
1998-10-08,,2.7539815068480777,
1998-10-09,,-2.774257787934445,
1998-10-14,,-2.624776853509644,
1998-10-15,,-5.506239670203847,
1998-10-16,,1.1076513066735316,
1998-10-19,,-2.241290691139291,
1998-10-20,,-0.3892131637784786,
1998-10-21,,-0.29481226304042707,
1998-10-22,,-1.9518513764686318,
1998-10-23,,0.4649539673704908,
1998-10-26,,-0.15853695151250236,
1998-10-27,,0.4489181426371971,
1998-10-28,,-0.565539070492072,
1998-10-29,,-2.909525195731945,
1998-10-30,,-1.6134174384421698,
1998-11-02,,-1.1740638833853865,
1998-11-03,,0.0855136337236182,
1998-11-04,,-0.7250908716308047,
1998-11-05,,-1.5946543169540526,
1998-11-06,,-0.5862833553754072,
1998-11-09,,2.0753303860118706,
1998-11-10,,-0.04073161837454364,
1998-11-13,,0.9497572673190824,
1998-11-16,,-0.000669543828490049,
1998-11-17,,-0.7728613791800214,
1998-11-18,,-0.723339975754822,
1998-11-19,,-1.6420738679393878,
1998-11-20,,-3.1627172504182433,
1998-11-23,,-0.9967312451839554,
1998-11-24,,0.9205406718010671,
1998-11-25,,-1.4884672464668647,
1998-11-27,,-0.3022448305877532,
1998-11-30,,3.641781232301067,
1998-12-01,,-1.038495235472876,
1998-12-02,,0.6841739481548821,
1998-12-03,,3.3929536797475777,
1998-12-04,,-3.0581044007245595,
1998-12-07,,-0.09102716278941259,
1998-12-08,,0.6766665547123623,
1998-12-09,,0.12138216556961012,
1998-12-10,,1.2477114046652211,
1998-12-11,,1.0666998633687221,
1998-12-14,,3.8602697851828225,
1998-12-15,,-1.4019431643683902,
1998-12-16,,1.093402221333534,
1998-12-17,,-1.6532556990462197,
1998-12-18,,-2.6779914178250124,
1998-12-21,,-1.2680149835521952,
1998-12-22,,-1.3893219289330716,
1998-12-23,,-2.9321384024744397,
1998-12-24,,0.7766248208041411,
1998-12-28,,1.5261144623273069,
1998-12-29,,-1.5001778760377213,
1998-12-30,,1.0791297046752852,
1998-12-31,,0.9834292515390963,
1999-01-04,,1.828168405318781,
1999-01-05,,-1.474513835286512,
1999-01-06,,-0.8971891070083338,
1999-01-07,,1.0319839802918196,
1999-01-08,,-1.0879319107066365,
1999-01-11,,2.2080832406183326,
1999-01-12,,2.7100536835221725,
1999-01-13,,2.380297830092818,
1999-01-14,,3.462818361302908,
1999-01-15,,-2.960047722204301,
1999-01-19,,0.634994910729084,
1999-01-20,,-0.37849012067939114,
1999-01-21,,2.541018667623028,
1999-01-22,,1.3099677767873885,
1999-01-25,,-0.35112981281936584,
1999-01-26,,-1.4852234792321397,
1999-01-27,,0.6938821633056982,
1999-01-28,,-1.5386344098548541,
1999-01-29,,-1.816115927796389,
1999-02-01,,1.2576505273483072,
1999-02-02,,0.3364691897041894,
1999-02-03,,-0.2515402486387046,
1999-02-04,,1.650161541235743,
1999-02-05,,0.3158085727783373,
1999-02-08,,0.8442720183604209,
1999-02-09,,1.3448697512966667,
1999-02-10,,-0.5806869451493739,
1999-02-11,,-2.718704579307964,
1999-02-12,,2.3794072644697586,
1999-02-16,,-0.13160236740421993,
1999-02-17,,1.1762093885450078,
1999-02-18,,-0.004259186408013704,
1999-02-19,,-0.9089243010438288,
1999-02-22,,-3.2952187899245082,
1999-02-23,,0.48470063332861457,
1999-02-24,,0.4332315474299264,
1999-02-25,,0.6869573234433908,
1999-02-26,,-0.11661526830437197,
1999-03-01,,0.5627876845977404,
1999-03-02,,0.9406079451574847,
1999-03-03,,-0.006241740862662937,
1999-03-04,,-2.1641085758985916,
1999-03-05,,-2.551119044640309,
1999-03-08,,0.20489025962386975,
1999-03-09,,0.14865348857532723,
1999-03-10,,-0.41315856868155265,
1999-03-11,,-0.5394170365324591,
1999-03-12,,0.3442110140045074,
1999-03-15,,0.30850445625477363,
1999-03-16,,-0.09548213680695383,
1999-03-17,,0.447295632748979,
1999-03-18,,-1.390796842051877,
1999-03-19,,0.192841599019836,
1999-03-22,,0.6024183045350355,
1999-03-23,,2.2776136439218533,
1999-03-24,,-0.48252969726771866,
1999-03-25,,-1.988821971896094,
1999-03-26,,-0.23240109210719595,
1999-03-29,,-0.6079388175104228,
1999-03-30,,-0.9206761307442797,
1999-03-31,,0.371774891247302,
1999-04-01,,-1.3430397759467567,
1999-05-05,,2.997740741483792,
1999-05-06,,2.236424659227314,
1999-05-07,,-1.7341288773533456,
1999-05-10,,1.5739857307729324,
1999-05-11,,-0.818486762325481,
1999-05-12,,0.7160049233631298,
1999-05-13,,-0.9796884130916723,
1999-05-14,,1.9398202554762136,
1999-05-17,,0.5346135095215452,
1999-05-18,,0.24367052989111926,
1999-05-19,,-1.9353206243128618,
1999-05-20,,-0.5290986431113183,
1999-05-21,,-0.15663954149989934,
1999-05-24,,3.121080033196698,
1999-05-25,,1.387114455422651,
1999-05-26,,-0.9365634861402512,
1999-05-27,,0.881048204344971,
1999-05-28,,-2.512085481982812,
1999-06-01,,1.3199194015058069,
1999-06-02,,-0.4465964379624445,
1999-06-03,,0.05433735175236265,
1999-06-04,,-2.741010746650339,
1999-06-07,,0.23808020523147633,
1999-06-08,,-0.010565514410778576,
1999-06-09,,-0.25814169074617155,
1999-06-10,,1.3247839371182977,
1999-06-11,,0.5819893582086344,
1999-06-14,,0.7536365993292513,
1999-06-15,,-0.4061964622882499,
1999-06-16,,-3.333095043319645,
1999-06-17,,-0.5312855095315392,
1999-06-18,,-0.5183225261239421,
1999-06-21,,-0.21112952413609065,
1999-06-22,,-0.33265264891376845,
1999-06-23,,-0.5549338961547647,
1999-06-24,,1.5751551234980852,
1999-06-25,,-1.3579123734646856,
1999-06-28,,0.8800157462183158,
1999-06-29,,-0.15833740631746807,
1999-06-30,,-1.3825770956110013,
1999-07-01,,-1.4559125123963632,
1999-07-02,,-1.2438988001399025,
1999-07-06,,1.75498160812462,
1999-07-07,,-0.5834739015885368,
1999-07-08,,-0.145773286301484,
1999-07-09,,-2.3521289317167735,
1999-07-12,,1.5839107868104918,
1999-07-13,,0.009761210136684184,
1999-07-14,,-0.2624041180542669,
1999-07-15,,-1.057578231375242,
1999-07-16,,-1.3551752516996238,
1999-07-19,,1.4335826841819497,
1999-07-20,,2.552681863771113,
1999-07-21,,-0.1965419024230144,
1999-07-22,,1.8580873269078744,
1999-07-23,,0.5392886476851722,
1999-07-26,,2.0106595863764625,
1999-07-27,,-1.3598993924724567,
1999-07-28,,-0.03862742231333982,
1999-07-29,,1.8027539554346141,
1999-07-30,,0.31192914279627715,
1999-08-02,,1.236705703801391,
1999-08-03,,0.9719870920068168,
1999-08-04,,1.4804222321144813,
1999-08-05,,0.00933419776619715,
1999-08-06,,-0.019795946031592848,
1999-08-09,,1.334673454994892,
1999-08-10,,1.0600849391450744,
1999-08-11,,-2.7070181764733228,
1999-08-12,,-0.1780227975021873,
1999-08-13,,-2.7926592986141223,
1999-08-16,,0.5585409319753936,
1999-08-17,,-1.698362654966811,
1999-08-18,,1.388953953814866,
1999-08-19,,0.889333030218662,
1999-08-20,,-1.4131620143796582,
1999-08-23,,-0.3838436467251185,
1999-08-24,,-0.25506722115872904,
1999-08-25,,-1.54395982204381,
1999-08-26,,0.08475320578603984,
1999-08-27,,0.40691566144868574,
1999-08-30,,2.692182080859414,
1999-08-31,,-0.06762086114742161,
1999-09-01,,-1.2416790941354812,
1999-09-02,,1.721846979084109,
1999-09-03,,-3.4569973552370215,
1999-09-07,,2.468006833997066,
1999-09-08,,0.27331677422142064,
1999-09-09,,-0.6763894970598976,
1999-09-10,,-0.8990756422682722,
1999-09-13,,0.8229268917035739,
1999-09-14,,0.8415119768508603,
1999-09-15,,0.8788930090767444,
1999-09-16,,0.8683556086326369,
1999-09-17,,-1.7086589807099486,
1999-09-20,,0.8717492857482334,
1999-09-21,,1.6462138390294747,
1999-09-22,,-0.27782910648667425,
1999-09-23,,2.889132439686094,
1999-09-24,,0.26014520357268367,
1999-09-27,,-0.9412393670555588,
1999-09-28,,-0.057394479424029754,
1999-09-29,,0.5611222470687913,
1999-09-30,,-0.9511513332163801,
1999-10-01,,-0.38996021833020933,
1999-10-04,,-0.4871831468175003,
1999-10-05,,0.27646932249525236,
1999-10-06,,-2.773611487831925,
1999-10-07,,1.3711934089685087,
1999-10-08,,-3.3081192294142845,
1999-10-13,,5.253445235282779,
1999-10-14,,-0.0015044461395596898,
1999-10-15,,3.037103784115594,
1999-10-18,,-0.1549851134958118,
1999-10-19,,-1.1286504107734991,
1999-10-20,,-2.3822918815930905,
1999-10-21,,0.10655449190901578,
1999-10-22,,-2.545718176476239,
1999-10-25,,1.7290881480331564,
1999-10-26,,0.4230636162911665,
1999-10-27,,-0.05728998805599872,
1999-10-28,,-2.819247114506801,
1999-10-29,,0.7385604348347243,
1999-11-01,,-0.3500101936874813,
1999-11-02,,0.8926754680763267,
1999-11-03,,0.012552286993148698,
1999-11-04,,-0.11710311051590594,
1999-11-05,,-1.308579697514304,
1999-11-08,,0.1583955553691112,
1999-11-09,,0.7146486498050528,
1999-11-10,,-0.4595222716518954,
1999-11-15,,0.5013688756632639,
1999-11-16,,-1.9951887103825747,
1999-11-17,,0.17396092098467264,
1999-11-18,,-1.36958958443671,
1999-11-19,,-0.8211672529736838,
1999-11-22,,0.6128702238937791,
1999-11-23,,0.8235597870416314,
1999-11-24,,-0.7784720511176104,
1999-11-26,,2.065113444612024,
1999-11-29,,1.2956427446323922,
1999-11-30,,0.8748971651072104,
1999-12-01,,-1.6233796776598481,
1999-12-02,,-0.2594858210119213,
1999-12-03,,-2.443792490088761,
1999-12-06,,1.1159037699014434,
1999-12-07,,0.29826570874383407,
1999-12-08,,0.12053768956041466,
1999-12-09,,-0.053979685054315496,
1999-12-10,,0.30383054820129374,
1999-12-13,,0.26585822692667094,
1999-12-14,,1.3984089036823732,
1999-12-15,,-0.8899223797104732,
1999-12-16,,0.03338517965213583,
1999-12-17,,-0.5158541517304478,
1999-12-20,,2.4387603888901275,
1999-12-21,,-1.0130451161506642,
1999-12-22,,-0.02782786074485699,
1999-12-23,,-1.2445144013568168,
1999-12-27,,1.929476320839992,
1999-12-28,,-0.09393682718142315,
1999-12-29,,0.26759800277515566,
1999-12-30,,1.7833906268510944,
1999-12-31,,0.08095338690041487,
2000-01-03,,-0.15090402990717422,
2000-01-04,,2.993723226039254,
2000-01-05,,-0.3071531454296199,
2000-01-06,,-0.2682964588026948,
2000-01-07,,-3.759319787077409,
2000-01-10,,-0.05657794495665769,
2000-01-11,,0.4880635085617371,
2000-01-12,,0.16905296042392237,
2000-01-13,,-1.190715256987314,
2000-01-14,,-2.1353885457510025,
2000-01-18,,1.5846957762602152,
2000-01-19,,-0.01592002077138588,
2000-01-20,,-0.006391573015406493,
2000-01-21,,-0.9502716611855284,
2000-01-24,,3.1891066162575825,
2000-01-25,,-0.9804574075533843,
2000-01-26,,0.2445808479337579,
2000-01-27,,0.6150870423582653,
2000-01-28,,2.7292897179950764,
2000-01-31,,-0.9000937621612692,
2000-02-01,,-1.1442396371344294,
2000-02-02,,-0.21108826754108279,
2000-02-03,,-1.1170911719699816,
2000-02-04,,-0.5429678966368741,
2000-02-07,,1.096700576450793,
2000-02-08,,-1.6152682573934385,
2000-02-09,,1.5989600552316006,
2000-02-10,,0.11110413683211817,
2000-02-11,,1.4416561744038212,
2000-02-14,,0.11637753364047754,
2000-02-15,,-1.233988694799315,
2000-02-16,,0.691017714296418,
2000-02-17,,-0.3169822323796616,
2000-02-18,,2.8874910643181337,
2000-02-22,,0.042652220217430425,
2000-02-23,,-1.621789192361593,
2000-02-24,,0.648377995165017,
2000-02-25,,0.8526097548229501,
2000-02-28,,-0.39274067781198596,
2000-02-29,,-1.172167049052824,
2000-03-01,,-1.7199614307480147,
2000-03-02,,-0.7441779693994981,
2000-03-03,,-2.119206678426913,
2000-03-06,,1.9453853483866546,
2000-03-07,,2.535203461735044,
2000-03-08,,-0.38521015830777117,
2000-03-09,,-1.3663663701006392,
2000-03-10,,-0.9024926664030204,
2000-03-13,,1.511794625093998,
2000-03-14,,1.5170309353078757,
2000-03-15,,-1.8968433673910923,
2000-03-16,,-1.4384083115935837,
2000-03-17,,1.4762267403550275,
2000-03-20,,0.4881205292791293,
2000-03-21,,-1.1860925173145809,
2000-03-22,,-0.1829579771392602,
2000-03-23,,0.6966569392812225,
2000-03-24,,1.0314200402566058,
2000-03-27,,1.3217689878084542,
2000-03-28,,0.5539335369365617,
2000-03-29,,-0.4738263837916463,
2000-03-30,,1.5855147070576265,
2000-03-31,,-1.1541330052016043,
2000-04-03,,0.12160971859607272,
2000-04-04,,3.1566009292954753,
2000-04-05,,1.5274531859406153,
2000-04-06,,-0.7715925693299361,
2000-04-07,,-2.3482787553622266,
2000-04-10,,1.7041065485490137,
2000-04-11,,1.2634109399160494,
2000-04-12,,1.9413218226813989,
2000-04-13,,0.7766532074459214,
2000-04-14,,4.531706149069009,
2000-04-17,,-3.919030606057838,
2000-04-18,,-2.2736254681652497,
2000-04-19,,0.8790170452850177,
2000-04-20,,-1.2848427963030744,
2000-04-24,,1.4555087986130033,
2000-04-25,,-2.170499826807802,
2000-04-26,,1.7084509188729093,
2000-04-27,,-0.8441447191739009,
2000-04-28,,0.06337871279708907,
2000-05-01,,-0.3266872643590659,
2000-05-02,,2.618264744601497,
2000-05-03,,3.264653585420273,
2000-05-04,,-0.3793974307465149,
2000-05-05,,-2.677699237352165,
2000-05-08,,0.8924380269594856,
2000-05-09,,0.7502933801701097,
2000-05-10,,1.0805052347550301,
2000-05-11,,-1.8806750527796723,
2000-05-12,,-1.5590356188297214,
2000-05-15,,-1.2933567433151438,
2000-05-16,,-0.7570198712260101,
2000-05-17,,-0.6390863699134215,
2000-05-18,,-0.28256199445689134,
2000-05-19,,1.2556740707431402,
2000-05-22,,0.47149272138297604,
2000-05-23,,-0.05680455474358581,
2000-05-24,,-1.4550513557680134,
2000-05-25,,0.25351032216326885,
2000-05-26,,-0.19459900882214498,
2000-05-30,,-0.8858825056601916,
2000-05-31,,-0.04473157702842201,
2000-06-01,,-1.396296381753288,
2000-06-02,,-1.0203314393857248,
2000-06-05,,0.9865655537938913,
2000-06-06,,0.16442875544379731,
2000-06-07,,-0.5972594720823565,
2000-06-08,,0.25952288502555376,
2000-06-09,,-0.672154570204686,
2000-06-12,,0.14182019908794885,
2000-06-13,,-0.7099816338696172,
2000-06-14,,-0.251658213284756,
2000-06-15,,-0.9010173088790623,
2000-06-16,,-0.3098628961438621,
2000-06-19,,-0.03544666427231391,
2000-06-20,,0.11878076523666081,
2000-06-21,,-0.34990338447017777,
2000-06-22,,1.329895202415063,
2000-06-23,,0.3507648154872953,
2000-06-26,,0.23901040681820618,
2000-06-27,,-0.5196215681152658,
2000-06-28,,-1.4283759609685092,
2000-06-29,,-0.6473070502310705,
2000-06-30,,-0.3355291994073397,
2000-07-03,,0.10912896448138198,
2000-07-05,,1.1923948048171766,
2000-07-06,,-0.23637947830610884,
2000-07-07,,-1.6532577693833765,
2000-07-10,,1.049013456663392,
2000-07-11,,-0.32342814300769973,
2000-07-12,,-0.08783525905806755,
2000-07-13,,-0.032203479067735685,
2000-07-14,,-0.738255997855088,
2000-07-17,,0.0694888509818945,
2000-07-18,,0.2096852765233841,
2000-07-19,,-0.14317512083574968,
2000-07-20,,-0.7306410317747307,
2000-07-21,,-0.06406623749633411,
2000-07-24,,0.879618955907219,
2000-07-25,,-0.5538397652958302,
2000-07-26,,0.2985932457555478,
2000-07-27,,-0.08199736852127515,
2000-07-28,,1.249539010600948,
2000-07-31,,-0.03074801406898331,
2000-08-01,,-0.05213219798694624,
2000-08-02,,-0.46143986064927844,
2000-08-03,,0.02150684396073288,
2000-08-04,,-1.3805605343719698,
2000-08-07,,0.3295614656280037,
2000-08-08,,-0.37750915822316955,
2000-08-09,,0.3012716072440824,
2000-08-10,,-0.06118331747814665,
2000-08-11,,-0.6692982030144741,
2000-08-14,,-0.7315401180623944,
2000-08-15,,-0.03197773284948369,
2000-08-16,,-0.10598346047888896,
2000-08-17,,-0.6481814600324931,
2000-08-18,,-0.5484352939056194,
2000-08-21,,0.13957476050592632,
2000-08-22,,-0.02397012680428645,
2000-08-23,,-0.18138548648494535,
2000-08-24,,-0.41701644120504255,
2000-08-25,,-0.6022006302957301,
2000-08-28,,-0.120362239561139,
2000-08-29,,0.20634440150463362,
2000-08-30,,0.7006519108871068,
2000-08-31,,-0.8683224605721982,
2000-09-01,,0.6764872581513721,
2000-09-05,,2.2486313557065998,
2000-09-06,,1.1109055899667766,
2000-09-07,,-1.0518468010202326,
2000-09-08,,-0.7246215009395058,
2000-09-11,,-0.02169673546817208,
2000-09-12,,0.15867018142481015,
2000-09-13,,-0.2863006047440422,
2000-09-14,,-0.07734081708545304,
2000-09-15,,0.2204781271827514,
2000-09-18,,1.7073233655358173,
2000-09-19,,-0.6173673831057727,
2000-09-20,,0.5428051072928035,
2000-09-21,,0.33562133300644703,
2000-09-22,,0.6752471291308879,
2000-09-25,,0.8090193522788915,
2000-09-26,,0.6581008700074378,
2000-09-27,,0.013471091759441833,
2000-09-28,,-1.998584709599129,
2000-09-29,,1.1286419785204806,
2000-10-02,,0.5955013669509768,
2000-10-03,,0.6948167664121172,
2000-10-04,,-0.1750994177385259,
2000-10-05,,-0.3747269247778675,
2000-10-06,,1.7405140568865818,
2000-10-11,,3.972066093800972,
2000-10-12,,4.366856841711787,
2000-10-13,,-2.0824010819896763,
2000-10-16,,-0.035502548431082914,
2000-10-17,,1.4263120510030873,
2000-10-18,,1.2214095987170168,
2000-10-19,,-3.2140384185334483,
2000-10-20,,-0.6420880539970284,
2000-10-23,,0.33126654145427636,
2000-10-24,,-0.5053412509215747,
2000-10-25,,2.3158356963033846,
2000-10-26,,2.0365887879347255,
2000-10-27,,-1.8083783428414897,
2000-10-30,,-0.7145778128834408,
2000-10-31,,-1.7895272875804018,
2000-11-01,,0.540371881919441,
2000-11-02,,-0.5227319592938784,
2000-11-03,,-0.3353058219072338,
2000-11-06,,0.7478570990753184,
2000-11-07,,0.3494688926841647,
2000-11-08,,0.8089256135477498,
2000-11-09,,1.6617404282907344,
2000-11-10,,1.5753350820946181,
2000-11-13,,0.9177358599022547,
2000-11-14,,-1.8077455214623122,
2000-11-15,,-0.3785360417325663,
2000-11-16,,-1.0493384519240898,
2000-11-17,,-0.2760273350729818,
2000-11-20,,2.5180333545635776,
2000-11-21,,-0.7458068427044537,
2000-11-22,,1.2933241984829813,
2000-11-24,,-1.5419385259156613,
2000-11-27,,1.0695137126787841,
2000-11-28,,0.7642986792222182,
2000-11-29,,0.023480209173214917,
2000-11-30,,2.3507020753750965,
2000-12-01,,-1.8939513870677267,
2000-12-04,,0.5728420303939572,
2000-12-05,,-2.6972447129596198,
2000-12-06,,0.05402741306130565,
2000-12-07,,0.0728751547702089,
2000-12-08,,-3.0385970870966617,
2000-12-11,,0.8803075587194051,
2000-12-12,,1.0597125640653857,
2000-12-13,,-1.3224683879297316,
2000-12-14,,1.1993099744892142,
2000-12-15,,1.6495397486891754,
2000-12-18,,1.3142576553717191,
2000-12-19,,-0.2125243823954719,
2000-12-20,,4.882696184834074,
2000-12-21,,-1.6020041310847226,
2000-12-22,,-1.4988645899062476,
2000-12-26,,1.4079788038755296,
2000-12-27,,-0.451885866230878,
2000-12-28,,-1.379346328357947,
2000-12-29,,0.3175001107945441,
2001-01-02,,3.0988591910921386,
2001-01-03,,-3.2056345678218747,
2001-01-04,,0.5653884203402377,
2001-01-05,,1.643815706051253,
2001-01-08,,1.2825954405478228,
2001-01-09,,-1.5635857537290434,
2001-01-10,,-0.9693317454246113,
2001-01-11,,-1.0113303218126894,
2001-01-12,,-1.3395723417442547,
2001-01-16,,0.5155376974293446,
2001-01-17,,-0.5416072594518866,
2001-01-18,,-1.6647529056867825,
2001-01-19,,-0.3171360245588737,
2001-01-22,,-0.2425968858451384,
2001-01-23,,-1.8739430873328047,
2001-01-24,,0.22025619452072576,
2001-01-25,,0.33278398822791644,
2001-01-26,,-0.21231161734108994,
2001-01-29,,-0.03381346010818831,
2001-01-30,,-0.09865874534482444,
2001-01-31,,-0.589169155122697,
2001-02-01,,-0.4181710445092861,
2001-02-02,,0.19173731358936763,
2001-02-05,,0.16049099360625618,
2001-02-06,,-0.23382595668207173,
2001-02-07,,-0.32055800648693733,
2001-02-08,,-0.24577871251451455,
2001-02-09,,0.5146729081755765,
2001-02-12,,-0.13137953490032928,
2001-02-13,,-0.5279355971186703,
2001-02-14,,0.13159053297054157,
2001-02-15,,-1.288898480696698,
2001-02-16,,1.7676532733611872,
2001-02-20,,2.5211317719352095,
2001-02-21,,1.3014318896669117,
2001-02-22,,1.4364850653705048,
2001-02-23,,0.9197162193878619,
2001-02-26,,-1.298008615387296,
2001-02-27,,1.3913922375152978,
2001-02-28,,2.0748014803687305,
2001-03-01,,0.10376476336596596,
2001-03-02,,-0.22591814826349577,
2001-03-05,,-0.01490750681782771,
2001-03-06,,-1.0338061728485641,
2001-03-07,,-1.6805048505027997,
2001-03-08,,0.07650175088122424,
2001-03-09,,1.1614501790931513,
2001-03-12,,4.669953695442551,
2001-03-13,,-2.4333715107064613,
2001-03-14,,2.5132901247981643,
2001-03-15,,-0.7705008552465102,
2001-03-16,,1.698742661483145,
2001-03-19,,0.1591011331781118,
2001-03-20,,1.527785122762566,
2001-03-21,,1.3195994694262723,
2001-03-22,,1.351697457947573,
2001-03-23,,-1.898647625162468,
2001-03-26,,-1.0604932379366225,
2001-03-27,,-1.9398841757840444,
2001-03-28,,1.4185412162174877,
2001-03-29,,0.46518725167142705,
2001-03-30,,-0.46162679644525184,
2001-04-02,,2.646684644698638,
2001-04-03,,3.694756698112201,
2001-04-04,,-0.10406785806798524,
2001-04-05,,-3.470732011731542,
2001-04-06,,2.02063270947642,
2001-04-09,,0.282379242516992,
2001-04-10,,-2.2370671160360587,
2001-04-11,,-0.8993914565923902,
2001-04-12,,-2.4752060803288103,
2001-04-16,,-0.05932348881385607,
2001-04-17,,-1.0648071828525723,
2001-04-18,,-1.753768415439815,
2001-04-19,,-0.3097808626403662,
2001-04-20,,0.8626122664821949,
2001-04-23,,2.580682263216765,
2001-04-24,,0.4176832217927746,
2001-04-25,,-0.8007674403793139,
2001-04-26,,-1.2416021213083468,
2001-04-27,,-1.916966715113439,
2001-04-30,,1.2947471911987662,
2001-05-01,,-1.4461297646232012,
2001-05-02,,-0.05066829565076958,
2001-05-03,,1.4001330969812784,
2001-05-04,,-1.8839792262118529,
2001-05-07,,0.9538347197459984,
2001-05-08,,-0.49139019878021273,
2001-05-09,,-0.08193582192449611,
2001-05-10,,-0.3731332077988796,
2001-05-11,,-0.49017504257899347,
2001-05-14,,0.6567133464779751,
2001-05-15,,-0.5815302946056988,
2001-05-16,,-1.8136989452119607,
2001-05-17,,-0.5480368011322305,
2001-05-18,,-0.4807995052075249,
2001-05-21,,-0.6903698656960771,
2001-05-22,,0.3758487765440748,
2001-05-23,,0.5623177826205641,
2001-05-24,,-1.5578380125722973,
2001-05-25,,-0.04037919649995558,
2001-05-29,,1.3805634859661886,
2001-05-30,,0.5906002992911681,
2001-05-31,,-0.00021355416554769135,
2001-06-01,,-0.9204204196143841,
2001-06-04,,-0.16792492967453398,
2001-06-05,,-1.843559482201865,
2001-06-06,,0.6719019573262557,
2001-06-07,,-0.9079725419712261,
2001-06-08,,0.12698347653176967,
2001-06-11,,0.6401841312356389,
2001-06-12,,-0.04674775214362725,
2001-06-13,,0.7659199784339492,
2001-06-14,,1.7220350056559468,
2001-06-15,,-0.12058534924504372,
2001-06-18,,0.6119586866669984,
2001-06-19,,-0.6312076893930225,
2001-06-20,,-0.48059630266232034,
2001-06-21,,-2.2972355845569545,
2001-06-22,,0.5052524441706225,
2001-06-25,,0.421578055753713,
2001-06-26,,0.44058205911182924,
2001-06-27,,-0.32130902634602165,
2001-06-28,,-0.8525743307737237,
2001-06-29,,-1.0056818913591918,
2001-07-02,,-0.4530141898854332,
2001-07-03,,-0.040119041011578815,
2001-07-05,,1.0010592027101346,
2001-07-06,,1.4793769498066958,
2001-07-09,,0.9656326937490718,
2001-07-10,,1.0119490956610377,
2001-07-11,,1.0524200499472443,
2001-07-12,,-1.5868680385663687,
2001-07-13,,-0.730689857946853,
2001-07-16,,1.764945013014021,
2001-07-17,,-0.25540202118310873,
2001-07-18,,1.1417351534253548,
2001-07-19,,-0.93833045084099,
2001-07-20,,-0.028999579587217994,
2001-07-23,,1.4301903338590378,
2001-07-24,,1.6032990673937917,
2001-07-25,,-0.969508445864026,
2001-07-26,,-0.7349059994843543,
2001-07-27,,-0.9422003479851533,
2001-07-30,,0.6376516490802686,
2001-07-31,,-1.1319702550473743,
2001-08-01,,-1.109271881114136,
2001-08-02,,-0.6409161214778507,
2001-08-03,,-0.42616714629720676,
2001-08-06,,1.7821853452292977,
2001-08-07,,-0.9555007195202343,
2001-08-08,,1.3428228233925346,
2001-08-09,,-0.540368318091037,
2001-08-10,,-1.10594839589157,
2001-08-13,,-0.16298104669883884,
2001-08-14,,-0.04874437412830801,
2001-08-15,,0.3458897477388838,
2001-08-16,,0.5923148322549352,
2001-08-17,,2.336210972892939,
2001-08-20,,-0.7695716778136585,
2001-08-21,,1.79985337820073,
2001-08-22,,-1.7310075315293147,
2001-08-23,,-0.011947657759968422,
2001-08-24,,-2.5090907964682962,
2001-08-27,,0.724516020090821,
2001-08-28,,1.2151583650508648,
2001-08-29,,1.003917065343444,
2001-08-30,,2.5123794723714745,
2001-08-31,,-0.1829737686720776,
2001-09-04,,1.319013863024562,
2001-09-05,,0.8286148641086513,
2001-09-06,,2.633268192124916,
2001-09-07,,2.847673549489919,
2001-09-10,,1.5283751729267294,
2001-10-17,,4.005843753172709,
2001-10-18,,0.7361017467306539,
2001-10-19,,0.09997768964999665,
2001-10-22,,-1.1444694933437205,
2001-10-23,,0.20080982727708374,
2001-10-24,,-0.7944513602460006,
2001-10-25,,-1.3207175204468982,
2001-10-26,,-1.0314521195653157,
2001-10-29,,3.09671828358206,
2001-10-30,,1.8558486702053258,
2001-10-31,,0.4802777548482666,
2001-11-01,,-0.8044318470355165,
2001-11-02,,-1.2819858386330587,
2001-11-05,,-0.09876683787793183,
2001-11-06,,-1.6983993761401024,
2001-11-07,,0.2567631108525177,
2001-11-08,,-0.6452373404049965,
2001-11-09,,-1.2628232951431002,
2001-11-14,,-1.029142885610895,
2001-11-15,,-1.227719555676181,
2001-11-16,,-0.7655668036263705,
2001-11-19,,-0.9084848171200548,
2001-11-20,,-0.6290372393494437,
2001-11-21,,-0.20928807404646932,
2001-11-23,,-1.1702400049423254,
2001-11-26,,0.3198160365650402,
2001-11-27,,0.006391506251823387,
2001-11-28,,1.7996960036126346,
2001-11-29,,-0.6757168884082532,
2001-11-30,,-1.2018652888794925,
2001-12-03,,1.9192379968487074,
2001-12-04,,-1.668384315534567,
2001-12-05,,-0.9831156425975465,
2001-12-06,,0.5760952428976474,
2001-12-07,,-0.3264188323258672,
2001-12-10,,2.0938274940784076,
2001-12-11,,-0.24269813323562772,
2001-12-12,,-0.22554107010614644,
2001-12-13,,1.158501420110852,
2001-12-14,,-1.1416576791875812,
2001-12-17,,-0.24216922790184015,
2001-12-18,,-0.9698825051320128,
2001-12-19,,-0.7696099676060548,
2001-12-20,,0.9468169889580231,
2001-12-21,,-1.2608230474042124,
2001-12-24,,0.06947557339751853,
2001-12-26,,-0.4440327762485978,
2001-12-27,,-0.7871470257578217,
2001-12-28,,-0.31647696660695956,
2001-12-31,,2.246903199262306,
2002-01-02,,-1.085627827566853,
2002-01-03,,-1.2533099211721854,
2002-01-04,,-0.9535106291424178,
2002-01-07,,1.3087828883590262,
2002-01-08,,-0.22446465041217678,
2002-01-09,,0.3131334066953748,
2002-01-10,,0.24506631626285724,
2002-01-11,,0.29240234258991293,
2002-01-14,,1.0552158037745052,
2002-01-15,,-0.7436992749910303,
2002-01-16,,0.8852596992265731,
2002-01-17,,-1.1086042115055683,
2002-01-18,,0.3428991433704738,
2002-01-22,,1.0828068982409533,
2002-01-23,,-1.64299423472346,
2002-01-24,,-0.6746859881185365,
2002-01-25,,-0.25459916423541173,
2002-01-28,,-0.004751555044652633,
2002-01-29,,3.105948008813165,
2002-01-30,,-1.0239490240479157,
2002-01-31,,-1.8791308864797642,
2002-02-01,,0.02612290586088406,
2002-02-04,,3.615937137470958,
2002-02-05,,0.696578579931586,
2002-02-06,,1.0309451945364287,
2002-02-07,,-0.6007469423876906,
2002-02-08,,-1.5424954861589804,
2002-02-11,,-1.392668731490616,
2002-02-12,,-0.2824189639670216,
2002-02-13,,-0.9621160927756591,
2002-02-14,,0.7248586113528077,
2002-02-15,,0.44453138353935984,
2002-02-19,,2.0401115141125707,
2002-02-20,,-1.6315821654231932,
2002-02-21,,1.3014041827959204,
2002-02-22,,-0.8731049488359481,
2002-02-25,,-0.9191619321542497,
2002-02-26,,-0.19972554405957155,
2002-02-27,,-0.28850677415744386,
2002-02-28,,0.009802334128053758,
2002-03-01,,-1.705204369420116,
2002-03-04,,0.4021118869425031,
2002-03-05,,-0.39172194391573356,
2002-03-06,,-0.47638958979180046,
2002-03-07,,-0.02963408897318942,
2002-03-08,,-0.8907714705217202,
2002-03-11,,0.440345819026259,
2002-03-12,,-0.3766406767565158,
2002-03-13,,-0.201504194649047,
2002-03-14,,-0.34553722050004154,
2002-03-15,,-0.8703027237862848,
2002-03-18,,0.37654317515377755,
2002-03-19,,-0.9032318860110671,
2002-03-20,,0.18829640593353503,
2002-03-21,,-0.44229560001899415,
2002-03-22,,-0.4805139985290161,
2002-03-25,,0.5817134924682748,
2002-03-26,,-0.4417513865363638,
2002-03-27,,-0.4751176932398202,
2002-03-28,,-0.39150394796550714,
2002-04-01,,1.209079767409463,
2002-04-02,,0.38324580670903785,
2002-04-03,,1.1162049614624259,
2002-04-04,,-0.2814124883382476,
2002-04-05,,-0.4915117075246016,
2002-04-08,,0.5373855921116011,
2002-04-09,,-0.1093833007640086,
2002-04-10,,-1.2266756832034567,
2002-04-11,,2.0693499725731854,
2002-04-12,,-0.8852846591643164,
2002-04-15,,0.49998050340226996,
2002-04-16,,-1.6813095152705486,
2002-04-17,,0.2832277375204413,
2002-04-18,,0.7256025279612643,
2002-04-19,,-1.0207199586017914,
2002-04-22,,1.4456124308853582,
2002-04-23,,0.49630052237114697,
2002-04-24,,0.6139263359703548,
2002-04-25,,0.33328386921607844,
2002-04-26,,1.3568982320351637,
2002-04-29,,2.1223005697647537,
2002-04-30,,-1.77830446357029,
2002-05-01,,-1.5445303910002082,
2002-05-02,,0.0025077046854740104,
2002-05-03,,0.004091072343488378,
2002-05-06,,2.295264352558302,
2002-05-07,,-0.5409579900738102,
2002-05-08,,-1.3535953308910678,
2002-05-09,,1.191219917721785,
2002-05-10,,0.8331866172270672,
2002-05-13,,-1.5637265000720149,
2002-05-14,,-1.3055048211361608,
2002-05-15,,-0.3003545667994274,
2002-05-16,,-0.8944659823116048,
2002-05-17,,-1.0067368568880717,
2002-05-20,,1.2807086008016597,
2002-05-21,,0.6320255517967439,
2002-05-22,,-0.4600910711740198,
2002-05-23,,-1.321697988860567,
2002-05-24,,0.5823977133353075,
2002-05-28,,1.2850379091967596,
2002-05-29,,0.1092143249022186,
2002-05-30,,0.3405026377519178,
2002-05-31,,-0.5219191823028346,
2002-06-03,,3.45973188544383,
2002-06-04,,0.7196188838889448,
2002-06-05,,-0.8480658509528922,
2002-06-06,,1.8506184990803547,
2002-06-07,,-0.40428029349548567,
2002-06-10,,0.49528552124687053,
2002-06-11,,0.9253883217186356,
2002-06-12,,-0.0742231376064062,
2002-06-13,,1.0937628893565865,
2002-06-14,,1.1533784341507243,
2002-06-17,,-1.0231416008384038,
2002-06-18,,-0.1614621677848227,
2002-06-19,,1.9061389498458006,
2002-06-20,,1.5813512348548215,
2002-06-21,,0.09775088785808705,
2002-06-24,,0.1186257058086646,
2002-06-25,,1.1350476696526002,
2002-06-26,,0.8503153222419684,
2002-06-27,,-1.802501259518742,
2002-06-28,,-0.690301458435254,
2002-07-01,,1.6887412229463514,
2002-07-02,,1.8929726257552062,
2002-07-03,,0.7336708850400058,
2002-07-05,,-1.9288966476092497,
2002-07-08,,1.3619892287898452,
2002-07-09,,2.0693003846602913,
2002-07-10,,4.179493962489353,
2002-07-11,,0.35385317390325355,
2002-07-12,,-0.1535990010689261,
2002-07-15,,2.6401621103624393,
2002-07-16,,2.1491307800951134,
2002-07-17,,-0.503584922483526,
2002-07-18,,0.2986759547648248,
2002-07-19,,3.4824660480104868,
2002-07-22,,4.236166970635281,
2002-07-23,,3.9348959979147295,
2002-07-24,,-3.8981972019765365,
2002-07-25,,0.3080974678170847,
2002-07-26,,-3.385675769955597,
2002-07-29,,-4.049836903151526,
2002-07-30,,0.24502575176745722,
2002-07-31,,-0.369758816899207,
2002-08-01,,4.631292558761295,
2002-08-02,,4.408274619823011,
2002-08-05,,4.456715857816889,
2002-08-06,,-1.9920774497687077,
2002-08-07,,-2.326976382545894,
2002-08-08,,-1.977651664152333,
2002-08-09,,-0.9535304821446573,
2002-08-12,,1.5948597533663502,
2002-08-13,,-1.25572978803158,
2002-08-14,,-3.387844528426335,
2002-08-15,,-3.12109001861527,
2002-08-16,,-1.1332244112275873,
2002-08-19,,-0.8036089057350004,
2002-08-20,,0.4780460042967789,
2002-08-21,,-1.7008812435419642,
2002-08-22,,-0.739260548259967,
2002-08-23,,1.2557673301557415,
2002-08-26,,0.39823800214153593,
2002-08-27,,0.24371263091347473,
2002-08-28,,3.2930001247190788,
2002-08-29,,0.6293720150336526,
2002-08-30,,-0.5385297980831396,
2002-09-03,,7.704016032033685,
2002-09-04,,-1.8666165626351088,
2002-09-05,,2.363762826763093,
2002-09-06,,-1.870461123636801,
2002-09-09,,0.6700238011778268,
2002-09-10,,-1.0661448102518492,
2002-09-11,,-0.03897075844262332,
2002-09-12,,2.8000917208118494,
2002-09-13,,-1.4191127592901864,
2002-09-16,,1.2607010482776033,
2002-09-17,,1.5000780235013451,
2002-09-18,,-0.12251862066237607,
2002-09-19,,3.519072675233602,
2002-09-20,,-1.1852223378844613,
2002-09-23,,1.2609916826388101,
2002-09-24,,1.2398824292378166,
2002-09-25,,-2.7178527039764617,
2002-09-26,,-2.427823116063905,
2002-09-27,,2.2806919969287094,
2002-09-30,,2.6466926743708044,
2002-10-01,,-5.264488528209334,
2002-10-02,,2.862367741189061,
2002-10-03,,0.3905376360316595,
2002-10-04,,2.362506210407034,
2002-10-07,,3.5215311234645696,
2002-10-08,,-0.9810148064352049,
2002-10-09,,1.7888294904173776,
2002-10-10,,-4.0536169422107875,
2002-10-11,,-1.5418733157513103,
2002-10-16,,0.16682724546289052,
2002-10-17,,-2.0515932890497766,
2002-10-18,,-0.7309918090235143,
2002-10-21,,-0.6803243765949887,
2002-10-22,,0.7516679941787885,
2002-10-23,,-1.0156828861926854,
2002-10-24,,0.7810533979326664,
2002-10-25,,-4.060050655379783,
2002-10-28,,0.9183031949616236,
2002-10-29,,0.8807085212282146,
2002-10-30,,-1.1071983465766806,
2002-10-31,,-0.10048074711874122,
2002-11-01,,-1.9047088060521737,
2002-11-04,,1.393136209032285,
2002-11-05,,0.28825499763308926,
2002-11-06,,-0.4357776093106871,
2002-11-07,,0.7574973633480617,
2002-11-08,,-1.928453242134168,
2002-11-13,,1.861243213981318,
2002-11-14,,-2.5632515288893565,
2002-11-15,,-1.9931917779584616,
2002-11-18,,0.7534979643614825,
2002-11-19,,-0.505243848237825,
2002-11-20,,-2.211608593297477,
2002-11-21,,-1.7297222980901452,
2002-11-22,,-1.0369402691921366,
2002-11-25,,0.48245173483854487,
2002-11-26,,1.5782180211793495,
2002-11-27,,1.2009559178602558,
2002-11-29,,0.39435769517572794,
2002-12-02,,0.1827571925338276,
2002-12-03,,1.0747053532777961,
2002-12-04,,0.8164746876474922,
2002-12-05,,1.4735502177928126,
2002-12-06,,-0.8634054601485346,
2002-12-09,,2.2199995339916327,
2002-12-10,,-1.7270959558185162,
2002-12-11,,-0.7136285298509684,
2002-12-12,,-0.4239822905918018,
2002-12-13,,0.8649018201106848,
2002-12-16,,-1.9210075883355273,
2002-12-17,,0.4104082107358913,
2002-12-18,,1.5227722517244295,
2002-12-19,,1.9802771362416856,
2002-12-20,,-3.219330223134186,
2002-12-23,,-0.33272008466771297,
2002-12-24,,0.1716669868164189,
2002-12-26,,0.8033710753662966,
2002-12-27,,2.203025658578543,
2002-12-30,,0.28386687912247766,
2002-12-31,,-0.6591072617042926,
2003-01-02,,-2.996758282783322,
2003-01-03,,-0.7474665719097153,
2003-01-06,,-0.039670769754739155,
2003-01-07,,-0.001813670823089808,
2003-01-08,,0.2638248724670298,
2003-01-09,,-1.3418385119624325,
2003-01-10,,-0.011052627851558583,
2003-01-13,,0.43976520373050576,
2003-01-14,,-0.3874498225335756,
2003-01-15,,0.9256934833025134,
2003-01-16,,-0.4744780388469003,
2003-01-17,,0.7623694999206485,
2003-01-21,,1.958361238326944,
2003-01-22,,1.6432257833343051,
2003-01-23,,-1.080575065217694,
2003-01-24,,4.325945183360563,
2003-01-27,,3.5869753447477777,
2003-01-28,,-1.9507754069684395,
2003-01-29,,0.05305731630817334,
2003-01-30,,0.4273584754366482,
2003-01-31,,0.1477318758172217,
2003-02-03,,0.11381568276503629,
2003-02-04,,1.958905129072832,
2003-02-05,,0.5681599494921556,
2003-02-06,,0.705519682917874,
2003-02-07,,1.033375748912178,
2003-02-10,,0.36759262590700814,
2003-02-11,,0.07570400683205492,
2003-02-12,,0.9699237832796967,
2003-02-13,,-0.32611924858503016,
2003-02-14,,-0.7915050129402985,
2003-02-18,,-1.353043303395399,
2003-02-19,,0.2028998730179481,
2003-02-20,,-0.20734269467718747,
2003-02-21,,-0.9160156144723324,
2003-02-24,,1.6885572126424506,
2003-02-25,,-0.21500120277218215,
2003-02-26,,0.357456829294577,
2003-02-27,,-1.2727318779405934,
2003-02-28,,-0.8237480056318844,
2003-03-03,,0.7388492602779024,
2003-03-04,,1.3648924666066797,
2003-03-05,,-1.317897961043137,
2003-03-06,,1.133350234736266,
2003-03-07,,-0.2027619607934632,
2003-03-10,,2.387288323208441,
2003-03-11,,0.5482915661499277,
2003-03-12,,0.30064254463884765,
2003-03-13,,-1.3956207213915626,
2003-03-14,,-0.567817553200836,
2003-03-17,,0.8065426910096818,
2003-03-18,,-1.2651386443729962,
2003-03-19,,1.164577219808919,
2003-03-20,,-1.0655660246591125,
2003-03-21,,-1.6923593759527513,
2003-03-24,,1.6267465552474611,
2003-03-25,,-1.7128141871132136,
2003-03-26,,-0.5178570817559738,
2003-03-27,,-0.3994302124949485,
2003-03-28,,-0.3339543594161327,
2003-03-31,,1.2912159719666327,
2003-04-01,,-0.7949882057039801,
2003-04-02,,-0.27000077886556184,
2003-04-03,,0.18472179599606164,
2003-04-04,,0.9275366622446555,
2003-04-07,,-0.5895673530458865,
2003-04-08,,-1.2023134749270383,
2003-04-09,,-0.03007427340649116,
2003-04-10,,-1.5874057553513055,
2003-04-11,,-1.2823833906014777,
2003-04-14,,-1.2821017203462333,
2003-04-15,,-1.1681729038397393,
2003-04-16,,-0.39789498039395355,
2003-04-17,,-1.3553976863269916,
2003-04-21,,0.13257883508091695,
2003-04-22,,-1.545683981891127,
2003-04-23,,-0.16455355489596357,
2003-04-24,,-0.7629979846509194,
2003-04-25,,0.22595288147325476,
2003-04-28,,-0.1619569027879031,
2003-04-29,,-0.20255712127920233,
2003-04-30,,0.3494044100295426,
2003-05-01,,0.3211428732163384,
2003-05-02,,-0.9516969129184574,
2003-05-05,,0.4812817786335657,
2003-05-06,,-0.3824383442886976,
2003-05-07,,0.1831621644199508,
2003-05-08,,0.21417684309947305,
2003-05-09,,-1.5384218107062289,
2003-05-12,,-0.22751557869072414,
2003-05-13,,0.22800875480903215,
2003-05-14,,-0.02081154268563523,
2003-05-15,,-0.8167390876397889,
2003-05-16,,-0.9228461198941673,
2003-05-19,,1.9443951773807235,
2003-05-20,,0.7081098724034902,
2003-05-21,,0.05531869998386085,
2003-05-22,,-1.2821413325901077,
2003-05-23,,-0.5752382487746672,
2003-05-27,,0.7184943217155109,
2003-05-28,,-0.030068686154187674,
2003-05-29,,0.4054493353882087,
2003-05-30,,-0.9351352230341412,
2003-06-02,,1.3764276522902286,
2003-06-03,,-0.004743087682527403,
2003-06-04,,-0.11360727961654149,
2003-06-05,,0.2765677448440407,
2003-06-06,,0.47338355855894676,
2003-06-09,,0.9844202570174936,
2003-06-10,,-1.361646491996602,
2003-06-11,,-0.3294585644618522,
2003-06-12,,0.15167424585186495,
2003-06-13,,0.20412175922526288,
2003-06-16,,-0.44590755408342275,
2003-06-17,,-0.2209710579243449,
2003-06-18,,-0.30024508509411874,
2003-06-19,,-0.024639847837637063,
2003-06-20,,-0.7253048649480363,
2003-06-23,,1.3557866485062995,
2003-06-24,,0.13545257504539876,
2003-06-25,,0.14573861239117036,
2003-06-26,,-1.332771207236327,
2003-06-27,,-0.24895063093444847,
2003-06-30,,0.24307418941530656,
2003-07-01,,-0.1427251105001801,
2003-07-02,,-0.474799329716447,
2003-07-03,,0.2936862354940608,
2003-07-07,,0.6066725856634534,
2003-07-08,,-0.5673654804469805,
2003-07-09,,-0.5276309216042243,
2003-07-10,,0.2041994108479166,
2003-07-11,,-0.7854180416577741,
2003-07-14,,1.0475635147300437,
2003-07-15,,-0.08976636907116387,
2003-07-16,,0.24849647698160737,
2003-07-17,,0.4924841915753362,
2003-07-18,,-1.0429251832552389,
2003-07-21,,0.6941137142243754,
2003-07-22,,-0.6328082044392005,
2003-07-23,,-0.5289072117885745,
2003-07-24,,-0.11539496461860921,
2003-07-25,,-0.9467310138691403,
2003-07-28,,0.4833786345400135,
2003-07-29,,0.17997811662628393,
2003-07-30,,0.13648536308366133,
2003-07-31,,0.6297676519735447,
2003-08-01,,1.2961485618549418,
2003-08-04,,0.6608385837171085,
2003-08-05,,1.6363061723882169,
2003-08-06,,-0.8885753371973379,
2003-08-07,,-0.9704538877554789,
2003-08-08,,-0.6058261384110999,
2003-08-11,,0.10001092445006066,
2003-08-12,,-1.8880039253560525,
2003-08-13,,0.6822974626586529,
2003-08-14,,-0.5009317145344987,
2003-08-15,,-0.3122901118756509,
2003-08-18,,-0.2202636105725695,
2003-08-19,,-0.4438001847835764,
2003-08-20,,-0.1653869828209409,
2003-08-21,,-0.1081182024997176,
2003-08-22,,0.603382892225035,
2003-08-25,,0.9309673059963863,
2003-08-26,,0.020403469189123058,
2003-08-27,,-0.25147865272960246,
2003-08-28,,-0.5910646781642903,
2003-08-29,,0.13691488983432976,
2003-09-02,,0.34331628633161415,
2003-09-03,,0.4158482435413866,
2003-09-04,,-0.6861839547579471,
2003-09-05,,-0.5190107604778227,
2003-09-08,,0.023261241850118353,
2003-09-09,,0.5061943304029981,
2003-09-10,,1.1312077556946782,
2003-09-11,,-0.6815676390013898,
2003-09-12,,-0.47255741623820313,
2003-09-15,,0.5878317065755816,
2003-09-16,,-1.2621348028212438,
2003-09-17,,0.08450904066787857,
2003-09-18,,-0.6942174057104893,
2003-09-19,,-0.14078158131205853,
2003-09-22,,1.9739458314106955,
2003-09-23,,-0.17601044208082328,
2003-09-24,,1.8866616858652279,
2003-09-25,,1.2209557728665459,
2003-09-26,,0.2976722916855401,
2003-09-29,,-0.23242916404023006,
2003-09-30,,1.2810866962836265,
2003-10-01,,-1.4389804205686687,
2003-10-02,,-0.10948478466723444,
2003-10-03,,-1.301276648011342,
2003-10-06,,-0.06751672662056407,
2003-10-07,,-0.24956862057589646,
2003-10-08,,-0.34733232994276264,
2003-10-09,,-0.47496313958412983,
2003-10-10,,-0.49809790246561647,
2003-10-15,,-0.9081800977651788,
2003-10-16,,-0.6865826516900881,
2003-10-17,,0.19867004825945855,
2003-10-20,,-0.7771299623506209,
2003-10-21,,-0.6529576943531517,
2003-10-22,,0.9140435789044687,
2003-10-23,,-0.13010170326258574,
2003-10-24,,-0.00759868804206576,
2003-10-27,,0.30078420280257845,
2003-10-28,,-1.2443097263146186,
2003-10-29,,-0.4497901858855471,
2003-10-30,,-0.2613006806954168,
2003-10-31,,-0.3909610536130579,
2003-11-03,,0.2955795938719028,
2003-11-04,,-0.12226557702662078,
2003-11-05,,0.2369045703853132,
2003-11-06,,-0.17129761649742647,
2003-11-07,,0.15744014421918706,
2003-11-10,,0.6579252532526425,
2003-11-13,,-1.129817186983722,
2003-11-14,,0.4641711679238867,
2003-11-17,,1.5920855346568104,
2003-11-18,,0.5803735864209756,
2003-11-19,,-0.11823790768913156,
2003-11-20,,0.8409124830303618,
2003-11-21,,-0.35811135500730273,
2003-11-24,,-1.405320969000261,
2003-11-25,,-0.7461692667070388,
2003-11-26,,-0.6390980721438453,
2003-11-28,,-0.11119993514456183,
2003-12-01,,0.25677480575464173,
2003-12-02,,-0.6290946826541841,
2003-12-03,,0.252187684499134,
2003-12-04,,-0.4408547230925173,
2003-12-05,,0.7039057655400143,
2003-12-08,,-0.6078980617269636,
2003-12-09,,1.0635452788181752,
2003-12-10,,0.22964600738475838,
2003-12-11,,-1.0615267091018268,
2003-12-12,,-0.31420141425117265,
2003-12-15,,0.7224527403563457,
2003-12-16,,-1.354944943825755,
2003-12-17,,-0.4139826342734292,
2003-12-18,,0.4077119094922512,
2003-12-19,,0.12920832604332233,
2003-12-22,,0.4623518968178182,
2003-12-23,,-0.4607276967952636,
2003-12-24,,0.16480573205166849,
2003-12-26,,0.7547097058712815,
2003-12-29,,-0.3367202390788471,
2003-12-30,,0.6365352566477505,
2003-12-31,,0.665248966469985,
2004-01-02,,0.011593100105649512,
2004-01-05,,-0.6171028524176627,
2004-01-06,,-0.7220447237124752,
2004-01-07,,-1.294678540258353,
2004-01-08,,-0.06331728087238453,
2004-01-09,,0.9183458530219131,
2004-01-12,,-0.03960835516032901,
2004-01-13,,1.2055644720016225,
2004-01-14,,-1.2426155893176833,
2004-01-15,,-1.1432880244365329,
2004-01-16,,-0.6893955900285249,
2004-01-20,,-0.0060627741295355975,
2004-01-21,,-1.0738595975885463,
2004-01-22,,0.1655388762702934,
2004-01-23,,-0.08631432858600263,
2004-01-26,,-0.4369853418623926,
2004-01-27,,0.661368418538256,
2004-01-28,,1.3311910347494322,
2004-01-29,,0.4061322148005111,
2004-01-30,,-0.36718337481273267,
2004-02-02,,0.5775116700851548,
2004-02-03,,0.29225049418958093,
2004-02-04,,0.6231580898415494,
2004-02-05,,-0.04843537620162053,
2004-02-06,,-1.597965572132054,
2004-02-09,,0.3677410021939771,
2004-02-10,,-0.5692283817141863,
2004-02-11,,-0.6408633463894269,
2004-02-12,,-0.22534336442597436,
2004-02-13,,0.1051201395689656,
2004-02-17,,-0.30952161743735296,
2004-02-18,,0.08560857358008889,
2004-02-19,,0.11334956145856623,
2004-02-20,,0.1791696277062762,
2004-02-23,,0.21891878385126162,
2004-02-24,,-0.3939262470566067,
2004-02-25,,-0.986306112685476,
2004-02-26,,-0.20261001745790175,
2004-02-27,,-0.4417053166258711,
2004-03-01,,-0.2670703724407062,
2004-03-02,,0.2575436972584697,
2004-03-03,,-0.434666495445871,
2004-03-04,,-0.24875027830687557,
2004-03-05,,-0.04251424782799873,
2004-03-08,,1.196349144076697,
2004-03-09,,0.7856390125954604,
2004-03-10,,2.175084057642554,
2004-03-11,,2.2390186911172947,
2004-03-12,,-1.9331826294738157,
2004-03-15,,3.1767300831008853,
2004-03-16,,-0.5301698074093864,
2004-03-17,,-1.8532659656984656,
2004-03-18,,0.5293975414760013,
2004-03-19,,0.582957186400737,
2004-03-22,,2.473701780787753,
2004-03-23,,-0.7035293725106158,
2004-03-24,,-0.5780007738489452,
2004-03-25,,-1.824552083530989,
2004-03-26,,-0.6225022059829364,
2004-03-29,,-1.048815569942235,
2004-03-30,,-0.47262295363345785,
2004-03-31,,0.1838433983966219,
2004-04-01,,-0.30412374342692416,
2004-04-02,,-1.1612966249923566,
2004-04-05,,-0.8628371593363244,
2004-04-06,,0.08146900913121691,
2004-04-07,,0.1937144886104214,
2004-04-08,,0.3440631278072761,
2004-04-12,,-1.058904616994404,
2004-04-13,,1.8866843075904889,
2004-04-14,,-1.6848945312718087,
2004-04-15,,0.12918569356774867,
2004-04-16,,-0.9188987548173735,
2004-04-19,,0.3511672704774078,
2004-04-20,,1.106457165304107,
2004-04-21,,-1.088105194506392,
2004-04-22,,-0.9884440320267665,
2004-04-23,,-0.7421600910337833,
2004-04-26,,0.5415791303896,
2004-04-27,,0.11852739037164106,
2004-04-28,,1.1347447339821102,
2004-04-29,,0.31408819604579463,
2004-04-30,,0.6845760546157607,
2004-05-03,,-0.4543185127597624,
2004-05-04,,0.02519793422899852,
2004-05-05,,-0.7560626180729244,
2004-05-06,,1.2486366486304643,
2004-05-07,,1.0639709701527522,
2004-05-10,,1.7727638166651403,
2004-05-11,,-0.9409731494889542,
2004-05-12,,-0.18180836330632744,
2004-05-13,,0.8026576073468163,
2004-05-14,,-0.3079953676385436,
2004-05-17,,1.5837060277466364,
2004-05-18,,-0.5060541284565687,
2004-05-19,,-0.23012210248052156,
2004-05-20,,-0.1981350643487758,
2004-05-21,,-0.16843552212837665,
2004-05-24,,-0.4282399264776764,
2004-05-25,,-2.170466804226873,
2004-05-26,,-0.17757804887434503,
2004-05-27,,-0.9899127919181012,
2004-05-28,,-0.05374532441147295,
2004-06-01,,0.5343377733549595,
2004-06-02,,-0.3793281490151621,
2004-06-03,,0.8550780193539396,
2004-06-04,,-0.3014437313421894,
2004-06-07,,-1.3844682795431567,
2004-06-08,,-0.4813059114711269,
2004-06-09,,0.17595985742385878,
2004-06-10,,-0.5207553714472741,
2004-06-14,,0.8914951134897713,
2004-06-15,,-1.1109497120381029,
2004-06-16,,-0.32477508250164533,
2004-06-17,,0.20771557427960552,
2004-06-18,,-0.2840593603494632,
2004-06-21,,0.17702848792295,
2004-06-22,,-1.0332308902656706,
2004-06-23,,-0.4393196825199972,
2004-06-24,,0.6459194509205286,
2004-06-25,,0.24884681788286045,
2004-06-28,,0.8427581337517012,
2004-06-29,,-0.5706011157982545,
2004-06-30,,-1.0892604841019775,
2004-07-01,,0.7754115985900114,
2004-07-02,,-0.2248584228257524,
2004-07-06,,1.1343390499777275,
2004-07-07,,-0.42820407092143853,
2004-07-08,,0.4486267192212008,
2004-07-09,,-0.39689046989389,
2004-07-12,,-0.8021743157825441,
2004-07-13,,-0.5704839309734986,
2004-07-14,,-0.8473497672665005,
2004-07-15,,0.7523916665090198,
2004-07-16,,-0.5343983442110218,
2004-07-19,,0.7351983971417191,
2004-07-20,,-1.0734576500369535,
2004-07-21,,2.175270980874515,
2004-07-22,,-0.6739053799484367,
2004-07-23,,0.85423228960153,
2004-07-26,,0.857492900468376,
2004-07-27,,-0.6101877619898843,
2004-07-28,,-0.28465158546508107,
2004-07-29,,-0.4613652346266317,
2004-07-30,,-0.40870413605883904,
2004-08-02,,-0.0475626293111695,
2004-08-03,,0.5531061125060184,
2004-08-04,,0.12643325498450153,
2004-08-05,,2.1133329152395888,
2004-08-06,,1.139706364133886,
2004-08-09,,-0.15769490222515614,
2004-08-10,,-1.1537979878268523,
2004-08-11,,0.6686949091602372,
2004-08-12,,1.0528909547310512,
2004-08-13,,-0.9885672331489737,
2004-08-16,,-0.3156789815411898,
2004-08-17,,-0.5809778118689479,
2004-08-18,,-0.8702096669738708,
2004-08-19,,0.5807993834710992,
2004-08-20,,-1.097643150676742,
2004-08-23,,-0.23523970283233453,
2004-08-24,,-0.72732923053813,
2004-08-25,,-0.5329309991214739,
2004-08-26,,-0.28302180159619006,
2004-08-27,,-0.4057883332696264,
2004-08-30,,0.54021397152475,
2004-08-31,,-0.28652857992763003,
2004-09-01,,-0.456444123071595,
2004-09-02,,-0.7367002279002737,
2004-09-03,,-0.5253496900051431,
2004-09-07,,-0.03765808717310293,
2004-09-08,,-0.19418584332136746,
2004-09-09,,-0.1980880828423217,
2004-09-10,,-0.38592695901812846,
2004-09-13,,-0.7286702886380656,
2004-09-14,,0.21637435815214445,
2004-09-15,,0.9090671164513076,
2004-09-16,,-0.3113306237583835,
2004-09-17,,-0.36338778865490085,
2004-09-20,,0.3425748431691389,
2004-09-21,,-0.8287847414231972,
2004-09-22,,1.008079170294181,
2004-09-23,,-0.006399632899439567,
2004-09-24,,-0.5024841282953201,
2004-09-27,,0.31184621570054105,
2004-09-28,,-0.8407019759084253,
2004-09-29,,-0.6890270358231838,
2004-09-30,,-0.028459259381005353,
2004-10-01,,-0.7614522299802822,
2004-10-04,,0.4879463311992396,
2004-10-05,,0.3816661718655503,
2004-10-06,,-0.7327069669625672,
2004-10-07,,1.152469443828526,
2004-10-08,,0.5005140783733175,
2004-10-13,,0.43650785793476743,
2004-10-14,,1.1033243665717123,
2004-10-15,,-1.2460263869310388,
2004-10-18,,-0.23117645047132918,
2004-10-19,,0.3708051167872135,
2004-10-20,,-0.3205463395687307,
2004-10-21,,-0.33815477190268517,
2004-10-22,,0.6680915570114525,
2004-10-25,,1.2526804825549256,
2004-10-26,,-0.11395252691232827,
2004-10-27,,-0.5423243764673309,
2004-10-28,,-0.2917479223954018,
2004-10-29,,0.8403775924311354,
2004-11-01,,-0.011124706663522943,
2004-11-02,,-0.044818537709893747,
2004-11-03,,-2.121495502466569,
2004-11-04,,-0.18616231103009184,
2004-11-05,,-0.3844250073256905,
2004-11-08,,-0.25588288589833574,
2004-11-09,,-0.3881403857194172,
2004-11-10,,-0.7144882107374766,
2004-11-15,,0.09644661856679448,
2004-11-16,,-0.36644375658136497,
2004-11-17,,-0.15757383623802568,
2004-11-18,,-0.38452768516975766,
2004-11-19,,0.3701625898111196,
2004-11-22,,-0.6522239863364518,
2004-11-23,,-0.4042321316568209,
2004-11-24,,-0.1043373032483057,
2004-11-26,,-0.09351742926617845,
2004-11-29,,0.3895474041394955,
2004-11-30,,-0.14771021000550633,
2004-12-01,,-0.3227694697768797,
2004-12-02,,-0.06860871918450684,
2004-12-03,,-0.11500784611876114,
2004-12-06,,0.1401349228898212,
2004-12-07,,0.4041607194393322,
2004-12-08,,-0.5129440753553851,
2004-12-09,,-0.34485572755687954,
2004-12-10,,-0.21470137719853355,
2004-12-13,,-0.3354844908704564,
2004-12-14,,0.06334189454515382,
2004-12-15,,-0.5013575685496736,
2004-12-16,,-0.19952262636907214,
2004-12-17,,-0.46366343967694235,
2004-12-20,,-0.2723668556746315,
2004-12-21,,-0.44754155185091093,
2004-12-22,,-0.2735724141276634,
2004-12-23,,-0.40137452876910196,
2004-12-27,,0.7288521108251729,
2004-12-28,,-0.2685502819153296,
2004-12-29,,-0.4444706956443003,
2004-12-30,,0.8351896391242768,
2004-12-31,,0.6554104268443552,
